Registro,CT,CTallo,CPF,CPFlor,CB,CBaya,CPT,CPTuber,CST,CSTuber,CPC,CPulpa,CPB,CPBrote,CSB,CSBrote
15060006,4 Pigmentado con abundante verde,N 77A,7 Morado,92A,4 Verde con abundantes puntos blancos,146B,9 Negruzco,N 186B,0 Ausente,,4 Amarillo,160 A,4 Morado,N92C,0 Ausente,
15060013,7 Morado,200A,7 Morado,N82B,5 Verde con áreas pigmentadas,144A,8 Morado,N187A,2 Amarillo,162C,2 Crema,157B,4 Morado,N92C,1 Blanco,NN155C
15061904,5 Pigmentado con poco verde,N 77A,7 Morado,N81A,5 Verde con áreas pigmentadas,146C,7 Rojo-morado,N77D,2 Amarillo,161B,2 Crema,160D,4 Morado,N92C,1 Blanco,NN155C
15060016,4 Pigmentado con abundante verde,N 77A,7 Morado,N81B,4 Verde con abundantes puntos blancos,143C,9 Negruzco,N 186A,0 Ausente,,4 Amarillo,160B,4 Morado,N92C,1 Blanco,NN155C
15060021,4 Pigmentado con abundante verde,N 77A,7 Morado,77A,4 Verde con abundantes puntos blancos,146A,9 Negruzco,N 186A,0 Ausente,,4 Amarillo,160B,4 Morado,N92C,1 Blanco,NN155C
15060025,2 Verde con pocas manchas,144A,7 Morado,92A,4 Verde con abundantes puntos blancos,144B,2 Amarillo,162A,8 Morado,187A,2 Crema,155B,4 Morado,N92C,1 Blanco,NN155C
15060027,4 Pigmentado con abundante verde,N 77A,8 Violeta,83B,4 Verde con abundantes puntos blancos,144A,7 Rojo-morado,183B,2 Amarillo,161A,2 Crema,155A,4 Morado,N92C,1 Blanco,NN155C
15062333,4 Pigmentado con abundante verde,N 77A,7 Morado,82A,4 Verde con abundantes puntos blancos,144A,7 Rojo-morado,N 186C,8 Morado,N 186A,2 Crema,155A,4 Morado,N92C,0 Ausente,
15060039,2 Verde con pocas manchas,144A,7 Morado,N81A,4 Verde con abundantes puntos blancos,146B,6 Rojo,183A,2 Amarillo,160A,2 Crema,155A,3 Rojo,N81B,1 Blanco,NN155C
15062036,3 Verde con muchas manchas,144A,7 Morado,N80B,6 Verde con bandas pigmentadas,143A,7 Rojo-morado,N77D,2 Amarillo,160A,1 Blanco,155A,4 Morado,N 83A,1 Blanco,155B
15060042,4 Pigmentado con abundante verde,N 77A,6 Lila,N81B,1 Verde,144B,7 Rojo-morado,N77D,2 Amarillo,160A,1 Blanco,155A,4 Morado,N 92C,1 Blanco,155B
15062038,2 Verde con pocas manchas,144A,7 Morado,N82A,2 Verde con pocos puntos blancos,143B,6 Rojo,178A,2 Amarillo,162B,3 Amarillo claro,160C,3 Rojo,72B,1 Blanco,NN155B
15060050,3 Verde con muchas manchas,144A,7 Morado,N82B,5 Verde con áreas pigmentadas,146B,2 Amrillo,165D,7 Rojo Morado,187C,1 Blanco,155A,4 Morado,N 81B,1 Blanco,NN155C
15060056,2 Verde con pocas manchas,144A,1 Blanco,157B,1 Verde,144B,2 Amarillo,162A,5 Rosado ,65B,1 Blanco,155C,4 Morado,N92C,1 Blanco,NN155C
15061905,3 Verde con muchas manchas,143B,7 Morado,86B,.,.,6 Rojo,178A,1 Blanco-crema,160A,2 Crema,160D,3 Rojo,N78B,1 Blanco,NN155C
15060063,5 Pigmentado con poco verde,N 77A,7 Morado,N81A,2 Verde con pocos puntos blancos,144C,6 Rojo,183B,0 Ausente,,4 Amarillo,160D,3 Rojo,N78A,1 Blanco,NN155C
15060070,5 Pigmentado con poco verde,N 77A,7 Morado,N81A,5 Verde con áreas pigmentadas,144A,9 Negruzco,N186A,1 Blanco-crema,160A,2 Crema,155A,4 Morado,N92C,1 Blanco,NN155C
15062039,2 Verde con pocas manchas,144A,7 Morado,77A,1 Verde,143A,1 Blanco-crema,163D,6 Rojo,N77D,2 Crema,160C,4 Morado,83A,1 Blanco,NN155C
15060072,2 Verde con pocas manchas,144A,7 Morado,N87B,1 Verde,144C,5 Rosado,31C,2 Amarillo,161A,3 Amarillo claro,160C,3 Rojo,NN74B,1 Blanco,NN155B
15061906,5 Pigmentado con poco verde,N 77A,7 Morado,92A,2 Verde con pocos puntos blancos,144A,9 Negruzco,N186A,0 Ausente,,2 Crema,155A,4 Morado,N92C,1 Blanco,NN155D
15061907,1 Verde,144B,1 Blanco,157B,6 Verde con bandas pigmentadas,146A,2 Amarillo,160A,0 Ausente,,3 Amarillo claro,160C,1 Blanco,NN155A,4 Morado,N78B
15060081,3 Verde con muchas manchas,144A,7 Morado,92A,5 Verde con áreas pigmentadas,146C,2 Amarillo,162B,8 Morado,187B,2 Crema,155B,4 Morado,N92C,1 Blanco,NN155B
15062331,3 Verde con muchas manchas,144A,7 Morado,N81B,5 Verde con áreas pigmentadas,156A,8 Morado,N77D,1 Blanco-crema,164C,1 Blanco,155A,4 Morado,N82A,1 Blanco,NN155B
15060082,3 Verde con muchas manchas,144A,7 Morado,83B,4 Verde con abundantes puntos blancos,146A,2 Amarillo,160A,8 Morado,N79A,2 Crema,155A,4 Morado,N92C,1 Blanco,NN155A
15062332,3 Verde con muchas manchas,144A,7 Morado,72B,1 Verde,144B,8 Morado,N77B,1 Blanco-crema,165D,2 Crema,155A,4 Morado,N92C,1 Blanco,NN155B
15061908,4 Pigmentado con abundante verde,N 77A,7 Morado,72B,1 Verde,146B,6 Rojo,183B,8 Morado,N186B,3 Amarillo claro,162D,4 Morado,N81B,1 Blanco,NN155B
15060085,3 Verde con muchas manchas,144A,7 Morado,N88A,1 Verde,143B,9 Negruzco,N187A,0 Ausente,00,2 Crema,155B,4 Morado,N92C,1 Blanco,NN155B
15061909,3 Verde con muchas manchas,144A,7 Morado,N81A,6 Verde con bandas pigmentadas,144C,9 Negruzco,N186B,0 Ausente,00,2 Crema,160D,4 Morado,N92C,1 Blanco,NN155B
15060087,5 Pigmentado con poco verde,N 77A,7 Morado,N80A,6 Verde con bandas pigmentadas,146B,8 Morado,N187A,1 Blanco-crema,162C,1 Blanco,NN155A,4 Morado,N92C,1 Blanco,NN155B
15060090,2 Verde con pocas manchas,144A,7 Morado,N80A,1 Verde,144B,8 Morado,N77B,2 Amarillo,162C,1 Blanco,155B,4 Morado,N92C,1 Blanco,NN155C
15060097,1 Verde,144A,7 Morado,N88C,1 Verde,143B,2 Amarillo,161A,0 Ausente,0,1 Blanco,155B,2 Rosado,75C,1 Blanco,NN155A
15060100,3 Verde con muchas manchas,144A,1 Blanco,157B,1 Verde,145B,7 Rojo-morado,183D,2 Amarillo,161A,2 Crema,160C,4 Morado,N92C,1 Blanco,NN155C
15060101,2 Verde con pocas manchas,144A,1 Blanco,157B,5 Verde con áreas pigmentadas,143A,8 Morado,N77D,1 Blanco-crema,160A,2 Crema,155A,4 Morado,N92C,1 Blanco,NN155C
15060102,2 Verde con pocas manchas,144A,1 Blanco,157B,1 Verde,144A,9 Negruzco,187B,0 Ausente,00,1 Blanco,155A,4 Morado,N92C,1 Blanco,NN155C
15061910,3 Verde con muchas manchas,144A,7 Morado,83B,5 Verde con áreas pigmentadas,144A,8 Morado,N77D,0 Ausente,00,2 Crema,155A,4 Morado,N92C,1 Blanco,NN155C
15060110,5 Pigmentado con poco verde,N 77A,7 Morado,N81A,5 Verde con áreas pigmentadas,144A,8 Morado,N77A,2 Amarillo,162A,2 Crema,155A,4 Morado,N92C,1 Blanco,NN155B
15060112,2 Verde con pocas manchas,144A,8 Violeta,N87A,5 Verde con áreas pigmentadas,146A,6 Rojo,187B,1 Blanco-crema,161A,3 Amarillo claro,160D,4 Morado,N92C,1 Blanco,NN155C
15060114,2 Verde con pocas manchas,144A,7 Morado,86C,4 Verde con abundantes puntos blancos,144A,8 Morado,183D,1 Blanco-crema,161A,2 Crema,155A,4 Morado,83D,1 Blanco,155B
15060120,4 Pigmentado con abundante verde,N 77A,7 Morado,N81C,4 Verde con abundantes puntos blancos,144C,2 Amarillo,160A,5 Rosado,185C,2 Crema,155A,4 Morado,N80B,1 Blanco,NN155C
15060121,3 Verde con muchas manchas,144A,7 Morado,92A,5 Verde con áreas pigmentadas,143B,8 Morado,N77A,0 Ausente,,2 Crema,155A,4 Morado,N92C,1 Blanco,NN155C
15060122,3 Verde con muchas manchas,144A,6 Lila,N81D,5 Verde con áreas pigmentadas,146A,8 Morado,183D,1 Blanco-crema,161B,1 Blanco,160D,4 Morado,83A,1 Blanco,NN155C
15061911,1 Verde,144A,7 Morado,N82B,5 Verde con áreas pigmentadas,144A,6 Rojo,180A,1 Blanco-crema,160B,2 Crema,160D,4 Morado,NN74D,1 Blanco,NN155C
15060138,5 Pigmentado con poco verde,N 77A,7 Morado,83B,6 Verde con bandas pigmentadas,146A,6 Rojo,182A,3 Anaranjado,161B,2 Crema,155A,4 Morado,N92C,1 Blanco,NN155C
15062046,3 Verde con muchas manchas,144A,7 Morado,N81B,1 Verde,144A,2 Amarillo,162B,5 Rosado,184D,3 Amarillo claro,160C,4 Morado,72B,1 Blanco,NN155C
15061912,2 Verde con pocas manchas,144A,7 Morado,N81C,5 Verde con áreas pigmentadas,144A,2 Amarillo,162B,5 Rosado,176B,3 Amarillo claro,160C,3 Rojo,72B,1 Blanco,NN155C
15060160,3 Verde con muchas manchas,144A,7 Morado,83B,5 Verde con áreas pigmentadas,143B,8 Morado,183D,1 Blanco-crema,162C,2 Crema,160D,4 Morado,N92C,1 Blanco,NN155B
15061915,1 Verde,144A,7 Morado,N82B,2 Verde con pocos puntos blancos,144A,2 Amarillo,162A,6 Rojo,182B,2 Crema,160D,3 Rojo,72D,1 Blanco,NN155C
15062334,2 Verde con pocas manchas,144A,7 Morado,N82A,1 Verde,143B,2 Amarillo,162C,7 Rojo-morado,184B,2 Crema,155A,4 Morado,N92C,0 Ausente,
15062050,2 Verde con pocas manchas,144A,7 Morado,N80B,4 Verde con abundantes puntos blancos,143A,2 Amarillo,161A,6 Rojo,181B,2 Crema,160D,3 Rojo,NN74C,1 Blanco,NN155D
15060187,4 Pigmentado con abundante verde,N 77A,7 Morado,N78A,4 Verde con abundantes puntos blancos,144A,8 Morado,N186C,1 Blanco-crema,160B,3 Amarillo claro,160B,4 Morado,86B,1 Blanco,NN155D
15061916,2 Verde con pocas manchas,144A,7 Morado,83B,5 Verde con áreas pigmentadas,146C,6 Rojo,187A,1 Blanco-crema,161A,2 Crema,160D,4 Morado,N92C,0 Ausente,
15062335,2 Verde con pocas manchas,144A,7 Morado,N78A,1 Verde,143A,6 Rojo,184A,0 Ausente,,2 Crema,160D,4 Morado,N80A,1 Blanco,NN155D
15060188,3 Verde con muchas manchas,144A,7 Morado,N81B,5 Verde con áreas pigmentadas,143B,3 Anaranjado,164B,8 Morado,N187A,1 Blanco,155B,4 Morado,N92C,1 Blanco,NN155C
15060190,3 Verde con muchas manchas,144A,7 Morado,83B,2 Verde con pocos puntos blancos,144C,8 Morado,N177A,1 Blanco-crema,173D,2 Crema,160D,4 Morado,N92C,1 Blanco,NN155C
15060191,1 Verde,144A,7 Morado,N81A,2 Verde con pocos puntos blancos,N144A,2 Amarillo,162B,7 Rojo-morado,184B,2 Crema,160C,4 Morado,N92C,1 Blanco,NN155C
15060214,3 Verde con muchas manchas,144A,7 Morado,83B,2 Verde con pocos puntos blancos,144A,3 Anaranjado,162A,6 Rojo,184B,2 Crema,155A,3 Rojo,NN74C,1 Blanco,NN155C
15060215,2 Verde con pocas manchas,144A,7 Morado,N81B,6 Verde con bandas pigmentadas,144A,8 Morado,N67B,1 Blanco-crema,162B,1 Blanco,155A,4 Morado,83A,1 Blanco,NN155C
15060313,1 Verde,144A,7 Morado,N81A,5 Verde con áreas pigmentadas,146B,2 Amarillo,163C,5 Rosado,183D,4 Amarillo,160D,1 Blanco,NN155C,0 Ausente,
15060320,2 Verde con pocas manchas,144A,7 Morado,N81B,2 Verde con pocos puntos blancos,144B,2 Amarillo,160A,6 Rojo,181B,2 Crema,160D,3 Rojo,72A,1 Blanco,NN155A
15060345,1 Verde,144A,7 Morado,83D,4 Verde con abundantes puntos blancos,144C,2 Amarillo,160A,6 Rojo,182A,3 Amarillo claro,160C,3 Rojo,72B,1 Blanco,NN155C
15062337,2 Verde con pocas manchas,144A,7 Morado,N81A,2 Verde con pocos puntos blancos,144B,6 Rojo,184A,2 Amarillo,160A,2 Crema,160D,3 Rojo,N74C,1 Blanco,NN155D
15062051,2 Verde con pocas manchas,144A,7 Morado,N81A,4 Verde con abundantes puntos blancos,144A,6 Rojo,184A,2 Amarillo,162B,2 Crema,160C,3 Rojo,N74C,1 Blanco,NN155D
15062052,2 Verde con pocas manchas,144A,7 Morado,N81A,4 Verde con abundantes puntos blancos,N144A,6 Rojo,182A,2 Amarillo,162B,3 Amarillo claro,160C,4 Morado,N79B,1 Blanco,NN155C
15061917,2 Verde con pocas manchas,144A,7 Morado,N82A,2 Verde con pocos puntos blancos,N144A,6 Rojo,183B,2 Amarillo,160A,2 Crema,160D,3 Rojo,NN74C,1 Blanco,NN155D
15060383,3 Verde con muchas manchas,144A,7 Morado,N82C,5 Verde con áreas pigmentadas,143A,2 Amarillo,161A,6 Rojo,182B,3 Amarillo claro,160A,3 Rojo,N74C,1 Blanco,NN155D
15062338,2 Verde con pocas manchas,144A,7 Morado,N81A,2 Verde con pocos puntos blancos,144A,6 Rojo,181A,2 Amarillo,162A,2 Crema,160C,3 Rojo,NN74C,1 Blanco,NN155C
15062339,2 Verde con pocas manchas,144A,7 Morado,N81A,4 Verde con abundantes puntos blancos,N144A,2 Amarillo,162A,7 Rojo-morado,181A,2 Crema,160C,4 Morado,83B,1 Blanco,NN155C
15060420,3 Verde con muchas manchas,144A,7 Morado,N81C,4 Verde con abundantes puntos blancos,143B,6 Rojo,181A,2 Amarillo,161A,3 Amarillo claro,160D,3 Rojo,NN74B,1 Blanco,NN155C
15062053,2 Verde con pocas manchas,144A,7 Morado,N81B,4 Verde con abundantes puntos blancos,143A,6 Rojo,184A,1 Blanco-crema,162B,2 Crema,155A,4 Morado,77B,1 Blanco,NN155C
15062363,2 Verde con pocas manchas,144A,7 Morado,N81A,4 Verde con abundantes puntos blancos,144A,6 Rojo,178A,2 Amarillo,162B,2 Crema,160D,3 Rojo,NN74C,1 Blanco,NN155D
15060467,3 Verde con muchas manchas,144A,7 Morado,N81A,4 Verde con abundantes puntos blancos,143A,7 Rojo-morado,183D,2 Amarillo,162A,2 Crema,160D,4 Morado,N92C,1 Blanco,NN155C
15060536,1 Verde,144A,7 Morado,N82D,4 Verde con abundantes puntos blancos,144A,2 amarillo,162C,8 Morado,183d,4 Amarillo,160D,3 Rojo,71C,1 Blanco,NN155C
15060543,2 Verde con pocas manchas,144A,7 Morado,N81C,1 Verde,144A,6 Rojo,183C,0 Ausente,00,3 Amarillo claro,160C,3 Rojo,71C,1 Blanco,NN155D
15060570,3 Verde con muchas manchas,144A,7 Morado,83C,4 Verde con abundantes puntos blancos,144A,2 Amarillo,162A,6 Rojo,183C,3 Amarillo claro,160C,4 Morado,N82A,1 Blanco,NN155D
15060797,3 Verde con muchas manchas,144A,7 Morado,83B,4 Verde con abundantes puntos blancos,144A,8 Morado,187A,1 Blanco-crema,162B,4 Amarillo,160B,4 Morado,82B,1 Blanco,NN155D
15061918,3 Verde con muchas manchas,144A,7 Morado,N81B,.,.,8 Morado,N77D,1 Blanco-crema,163D,1 Blanco,155A,4 Morado,83A,1 Blanco,NN155A
15060846,2 Verde con pocas manchas,144A,6 Lila,N78C,.,.,8 Morado,183C,1 Blanco-crema,162C,1 Blanco,155C,4 Morado,N92C,1 Blanco,NN155A
15060907,4 Pigmentado con abundante verde,N77A,7 Morado,N82A,6 Verde con bandas pigmentadas,144A,8 Morado,186B,4 Amarillo,162B,1 Blanco,155A,4 Morado,93A,1 Blanco,NN155C
15060909,2 Verde con pocas manchas,144A,7 Morado,N82C,1 Verde,144A,2 Amarillo,160B,6 Rojo,181A,2 Crema,155A,3 Rojo,NN74C,1 Blanco,NN155A
15060933,1 Verde,144A,7 Morado,N88B,4 Verde con abundantes puntos blancos,144B,6 Rojo,182A,2 Amarillo,162C,1 Blanco,155B,3 Rojo,71C,1 Blanco,NN155D
15060964,2 Verde con pocas manchas,144A,7 Morado,83B,1 Verde,143A,8 Morado,N77A,2 Amarillo,162A,3 Amarillo claro,162C,4 Morado,90B,1 Blanco,NN155D
15061007,3 Verde con muchas manchas,144A,7 Morado,N82A,1 Verde,144A,8 Morado,183D,1 Blanco-crema,161A,3 Amarillo claro,162C,4 Morado,90B,1 Blanco,NN155D
15061011,2 Verde con pocas manchas,144A,7 Morado,N88B,4 Verde con abundantes puntos blancos,144A,1 Blanco-crema,160A,8 Morado,183D,2 Crema,160C,4 Morado,92C,1 Blanco,NN155C
15061122,3 Verde con muchas manchas,144A,7 Morado,N80A,.,.,8 Morado,183D,1 Blanco-crema,161A,2 Crema,155A,4 Morado,N87B,1 Blanco,NN155D
15061204,2 Verde con pocas manchas,144A,7 Morado,84A,.,.,9 Negruzco,N187A,0 Ausente,00,2 Crema,160D,4 Morado,N92C,0 Ausente,
15061213,2 Verde con pocas manchas,144A,6 Lila,N81A,2 Verde con pocos puntos blancos,146D,6 Rojo,183B,1 Blanco-crema,161A,3 Amarillo claro,162D,3 Rojo,71A,1 Blanco,NN155A
15061215,3 Verde con muchas manchas,144A,7 Morado,N82A,4 Verde con abundantes puntos blancos,144A,6 Rojo,183A,1 Blanco-crema,160A,2 Crema,160D,4 Morado,77B,1 Blanco,NN155A
15061216,3 Verde con muchas manchas,144A,1 Blanco,157B,4 Verde con abundantes puntos blancos,144B,8 Morado,N187A,1 Blanco-crema,162C,2 Crema,160D,4 Morado,90A,1 Blanco,NN155D
15061225,2 Verde con pocas manchas,144A,7 Morado,N81A,5 Verde con áreas pigmentadas,144B,8 Morado,183D,1 Blanco-crema,162D,2 Crema,155A,4 Morado,91A,1 Blanco,NN155D
15061226,2 Verde con pocas manchas,144A,8 Violeta,86B,1 Verde,146C,1 Blanco-crema,162B,8 Morado,79A,1 Blanco,155A,4 Morado,88B,1 Blanco,NN155A
15061228,4 Pigmentado con abundante verde,N77A,7 Morado,N88B,2 Verde con pocos puntos blancos,143B,8 Morado,N187A,1 Blanco-crema,160B,2 Crema,160D,4 Morado,N92C,1 Blanco,NN155C
15061235,3 Verde con muchas manchas,144A,7 Morado,92A,5 Verde con áreas pigmentadas,146B,6 Rojo,178B,0 Ausente,,3 Amarillo claro,160C,3 Rojo,71D,1 Blanco,NN155D
15061236,3 Verde con muchas manchas,144A,7 Morado,92A,4 Verde con abundantes puntos blancos,144A,2 Amarillo,162C,8 Morado,N77B,2 Crema,160C,4 Morado,N92C,1 Blanco,NN155C
15061237,1 Verde,144A,7 Morado,86D,4 Verde con abundantes puntos blancos,N144B,5 Rosado,182A,1 Blanco-crema,162C,2 Crema,NN155B,4 Morado,N78B,1 Blanco,NN155D
15061239,1 Verde,144A,7 Morado,84A,2 Verde con pocos puntos blancos,144B,2 Amarillo,162B,6 Rojo,182B,2 Crema,155A,3 Rojo,N78A,1 Blanco,NN155D
15061244,3 Verde con muchas manchas,144A,7 Morado,84A,2 Verde con pocos puntos blancos,146B,6 Rojo,183B,0 Ausente,,2 Crema,155A,4 Morado,N92C,1 Blanco,NN155A
15061255,2 Verde con pocas manchas,144A,7 Morado,86B,1 Verde,144B,1 Blanco-crema,161B,6 Rojo,182A,2 Crema,160D,3 Rojo,NN74B,1 Blanco,NN155B
15061256,3 Verde con muchas manchas,144A,7 Morado,N81A,4 Verde con abundantes puntos blancos,144A,9 Negruzco,N187A,1 Blanco-crema,161A,2 Crema,157C,4 Morado,N92C,1 Blanco,NN155C
15061257,4 Pigmentado con abundante verde,N77A,7 Morado,86B,6 Verde con bandas pigmentadas,144B,6 Rojo,182A,0,00,2 Crema,160D,4 Morado,N95D,0 Ausente,
15061258,5 Pigmentado con poco verde,N77A,7 Morado,84A,5 Verde con áreas pigmentadas,144A,8 Morado,N187A,1 Blanco-crema,162B,2 Crema,155C,4 Morado,N92C,1 Blanco,NN155B
15061259,5 Pigmentado con poco verde,N77A,7 Morado,86C,5 Verde con áreas pigmentadas,146A,9 Negruzco,N186A,1 Blanco-crema,162B,1 Blanco,155A,4 Morado,N92C,1 Blanco,NN155A
15062063,3 Verde con muchas manchas,144A,7 Morado,83B,5 Verde con áreas pigmentadas,144B,6 Rojo,187A,8 Morado,N186A,2 Crema,160D,4 Morado,N92C,1 Blanco,NN155A
15061926,3 Verde con muchas manchas,144A,7 Morado,N81A,5 Verde con áreas pigmentadas,N144A,8 Morado,N77A,1 Blanco-crema,162B,2 Crema,155C,4 Morado,86A,1 Blanco,NN155A
15061927,4 Pigmentado con abundante verde,N77A,7 Morado,85A,1 Verde,N144A,9 Negruzco,N186A,1 Blanco-crema,160A,2 Crema,155A,4 Morado,93C,1 Blanco,NN155A
15062344,2 Verde con pocas manchas,144A,8 Violeta,N81A,.,.,7 Rojo-morado,187B,1 Blanco-crema,160A,2 Crema,160D,4 Morado,N92C,1 Blanco,NN155D
15061928,5 Pigmentado con poco verde,N77A,7 Morado,N81B,4 Verde con abundantes puntos blancos,144A,8 Morado,N187A,1 Blanco-crema,162B,2 Crema,155A,4 Morado,92B,1 Blanco,NN155D
15062067,2 Verde con pocas manchas,144A,7 Morado,N81B,1 Verde,N144A,2 amarillo,160A,6 Rojo,181A,2 Crema,155A,3 Rojo,72A,1 Blanco,NN155A
15061929,3 Verde con muchas manchas,144A,8 Violeta,83C,2 Verde con pocos puntos blancos,144A,1 Blanco-crema,161A,8 Morado,N77B,2 Crema,155A,4 Morado,N92C,1 Blanco,NN155C
15061930,4 Pigmentado con abundante verde,N77A,7 Morado,N81B,.,.,8 Morado,N77D,1 Blanco-crema,161B,2 Crema,155C,4 Morado,83A,1 Blanco,NN155C
15062069,4 Pigmentado con abundante verde,N77A,8 Violeta,83A,4 Verde con abundantes puntos blancos,144A,8 Morado,N186B,6 Rojo,187A,3 Amarillo claro,160C,4 Morado,N92C,1 Blanco,NN155D
15061260,1 Verde,144A,7 Morado,N81C,4 Verde con abundantes puntos blancos,143B,8 Morado,N187A,1 Blanco-crema,161A,2 Crema,155A,4 Morado,N92C,1 Blanco,NN155A
15061261,1 Verde,144A,7 Morado,92A,1 Verde,N144A,1 Blanco-crema,162B,8 Morado,182B,4 Amarillo,160A,4 Morado,86A,1 Blanco,NN155C
15061262,2 Verde con pocas manchas,144A,1 Blanco,157A,1 Verde,143B,5 Rosado,N177D,1 Blanco-crema,164B,3 Amarillo claro,160D,4 Morado,N92C,1 Blanco,NN155A
15062071,2 Verde con pocas manchas,144A,1 Blanco,157A,5 Verde con áreas pigmentadas,143A,1 Blanco-crema,174C,8 Morado,N77D,2 Crema,160D,4 Morado,N92C,1 Blanco,NN155C
15061263,3 Verde con muchas manchas,144A,1 Blanco,155A,5 Verde con áreas pigmentadas,143B,8 Morado,N77A,0 Ausente,00,2 Crema,160C,4 Morado,94C,1 Blanco,NN155D
15061932,1 Verde,144A,6 Lila,N81C,1 Verde,143B,2 Amarillo,160A,0 Ausente,00,2 Crema,155A,4 Morado,77B,1 Blanco,NN155A
15061264,2 Verde con pocas manchas,144A,1 Blanco,155A,1 Verde,144A,2 Amarillo,161A,8 Morado,183D,3 Amarillo claro,160C,4 Morado,N92C,1 Blanco,NN155A
15061933,3 Verde con muchas manchas,144A,7 Morado,90C,7 Predominantemente pigmentado,146A,7 Rojo-morado,N77A,2 Amarillo,161A,2 Crema,160C,4 Morado,N92C,1 Blanco,NN155A
15061265,3 Verde con muchas manchas,144A,7 Morado,92A,4 Verde con abundantes puntos blancos,144B,7 Rojo-morado,187B,2 Amarillo,160A,2 Crema,155A,4 Morado,N92C,1 Blanco,NN155C
15061270,2 Verde con pocas manchas,144A,7 Morado,N82B,4 Verde con abundantes puntos blancos,144A,6 Rojo,182A,0 Ausente,00,2 Crema,160D,4 Morado,N92C,0 Ausente,
15062074,3 Verde con muchas manchas,144A,7 Morado,91B,4 Verde con abundantes puntos blancos,144A,2 Amarillo,162B,8 Morado,N77D,1 Blanco,155C,4 Morado,N92C,1 Blanco,NN155A
15061934,5 Pigmentado con poco verde,N77A,7 Morado,N82A,4 Verde con abundantes puntos blancos,143A,2 Amarillo,162B,7 Rojo-morado,N77A,3 Amarillo claro,160C,4 Morado,N92C,1 Blanco,NN155A
15061935,1 Verde,144A,7 Morado,N81A,1 Verde,N144A,6 Rojo,181A,2 Amarillo,162B,2 Crema,155A,3 Rojo,71D,1 Blanco,NN155A
15061271,3 Verde con muchas manchas,144A,7 Morado,N88B,4 Verde con abundantes puntos blancos,143C,8 Morado,N187A,2 Amarillo,160A,2 Crema,155C,4 Morado,N92C,1 Blanco,NN155D
15061936,3 Verde con muchas manchas,144A,7 Morado,N81A,1 Verde,146A,6 Rojo,183A,0 Ausente,,3 Amarillo claro,160D,3 Rojo,71A,1 Blanco,NN155A
15061273,2 Verde con pocas manchas,144A,7 Morado,N87A,5 Verde con áreas pigmentadas,144A,5 Rosado,182A,6 Rojo,183C,2 Crema,160C,4 Morado,N92C,3 Rojo,71B
15061274,3 Verde con muchas manchas,144A,7 Morado,N88B,5 Verde con áreas pigmentadas,146A,6 Rojo,184B,0 Ausente,,2 Crema,160D,3 Rojo,72B,1 Blanco,NN155D
15061937,3 Verde con muchas manchas,144A,7 Morado,83B,4 Verde con abundantes puntos blancos,144C,7 Rojo-morado,N77A,1 Blanco-crema,160A,1 Blanco,155C,4 Morado,N92C,1 Blanco,NN155A
15061277,2 Verde con pocas manchas,144A,7 Morado,N82B,4 Verde con abundantes puntos blancos,143B,2 Amarillo,162B,5 Rosado,182B,2 Crema,155A,4 Morado,81A,1 Blanco,NN155D
15062080,2 Verde con pocas manchas,144A,7 Morado,N82A,6 Verde con bandas pigmentadas,144A,1 Blanco-crema,162A,8 Morado,N77B,2 Crema,160D,4 Morado,N81C,1 Blanco,NN155D
15062081,7 Morado,200A,7 Morado,90D,4 Verde con abundantes puntos blancos,144C,8 Morado,187A,0 Ausente,,2 Crema,160D,4 Morado,N92C,0 Ausente,
15061279,3 Verde con muchas manchas,144A,7 Morado,N82B,1 Verde,144A,6 Rojo,183B,0 Ausente,,3 Amarillo claro,160C,4 Morado,N92D,3 Rojo,72A
15061280,3 Verde con muchas manchas,144A,7 Morado,N82A,4 Verde con abundantes puntos blancos,143B,5 Rosado,181A,1 Blanco-crema,161B,2 Crema,160D,3 Rojo,72B,1 Blanco,NN155A
15061281,2 Verde con pocas manchas,144A,7 Morado,N80A,2 Verde con pocos puntos blancos,146B,6 Rojo,181A,1 Blanco-crema,160A,2 Crema,155A,4 Morado,N82B,1 Blanco,NN155D
15061939,1 Verde,144A,7 Morado,N82A,2 Verde con pocos puntos blancos,144B,1 Blanco-crema,160A,0 Ausente,00,2 Crema,160C,1 Blanco,NN155A,4 Morado,83A
15061282,2 Verde con pocas manchas,144A,7 Morado,N82A,5 Verde con áreas pigmentadas,146C,8 Morado,N77D,1 Blanco-crema,155A,2 Crema,155A,4 Morado,N92B,1 Blanco,NN155D
15060910,4 Pigmentado con abundante verde,N77A,7 Morado,N81A,5 Verde con áreas pigmentadas,146A,6 Rojo,182A,2 Amarillo,160A,2 Crema,160D,3 Rojo,N78B,1 Blanco,NN155D
15061940,2 Verde con pocas manchas,144A,7 Morado,N82B,1 Verde,144A,1 Blanco-crema,160B,5 Rosado,184C,2 Crema,155A,4 Morado,N82A,1 Blanco,NN155A
15061283,2 Verde con pocas manchas,144A,7 Morado,83A,5 Verde con áreas pigmentadas,144B,7 Rojo-morado,183A,1 Blanco-crema,160A,2 Crema,160D,4 Morado,N92B,1 Blanco,NN155B
15061284,3 Verde con muchas manchas,144A,7 Morado,84A,5 Verde con áreas pigmentadas,144B,8 Morado,N186C,2 Amarillo,162B,1 Blanco,155A,4 Morado,N92C,1 Blanco,NN155A
15061285,3 Verde con muchas manchas,144A,6 Lila,N82B,5 Verde con áreas pigmentadas,145A,7 Rojo-morado,183C,2 Amarillo,162B,2 Crema,160D,4 Morado,83A,1 Blanco,NN155D
15062346,1 Verde,144A,7 Morado,86B,2 Verde con pocos puntos blancos,144A,2 Amarillo,160A,0 Ausente,,3 Amarillo claro,160C,4 Morado,94A,1 Blanco,NN155D
15061286,2 Verde con pocas manchas,144A,7 Morado,83B,2 Verde con pocos puntos blancos,144A,6 Rojo,183B,1 Blanco-crema,161A,3 Amarillo claro,160C,4 Morado,92D,3 Rojo,72A
15061287,3 Verde con muchas manchas,144A,7 Morado,90C,5 Verde con áreas pigmentadas,144B,8 Morado,184A,2 Amarillo,161A,2 Crema,160D,4 Morado,N92C,1 Blanco,NN155A
15061288,1 Verde,144A,7 Morado,86C,.,.,6 Rojo,184A,1 Blanco-crema,160B,2 Crema,155A,4 Morado,80B,1 Blanco,NN155A
15061289,2 Verde con pocas manchas,144A,7 Morado,N81B,1 Verde,144B,6 Rojo,183C,1 Blanco-crema,161A,3 Amarillo claro,160D,4 Morado,N81C,1 Blanco,NN155A
15061290,2 Verde con pocas manchas,144A,7 Morado,N82B,4 Verde con abundantes puntos blancos,145A,1 Blanco-crema,160A,8 Morado,183D,2 Crema,155A,4 Morado,N92C,1 Blanco,NN155C
15061291,3 Verde con muchas manchas,144A,7 Morado,N87B,4 Verde con abundantes puntos blancos,144A,6 Rojo,181A,2 Amarillo,160A,2 Crema,160D,4 Morado,N81B,1 Blanco,NN155A
15061292,4 Pigmentado con abundante verde,N77A,7 Morado,N81B,5 Verde con áreas pigmentadas,144A,9 Negruzco,N186A,1 Blanco-crema,161A,2 Crema,160C,4 Morado,N92C,1 Blanco,NN155A
15061293,4 Pigmentado con abundante verde,N77A,7 Morado,84A,1 Verde,144B,6 Rojo,153A,8 Morado,N186B,2 Crema,160D,4 Morado,N92B,1 Blanco,NN155A
15061295,5 Pigmentado con poco verde,166A,7 Morado,N82B,4 Verde con abundantes puntos blancos,144C,6 Rojo,183B,8 Morado,N186B,2 Crema,155A,4 Morado,N92C,1 Blanco,NN155D
15061941,2 Verde con pocas manchas,144A,7 Morado,N82B,1 Verde,144C,1 Blanco-crema,161A,6 Rojo,183D,2 Crema,160D,4 Morado,N80B,1 Blanco,NN155A
15061296,5 Pigmentado con poco verde,N77A,7 Morado,N82B,4 Verde con abundantes puntos blancos,144B,9 Negruzco,N186A,2 Amarillo,161A,3 Amarillo claro,160C,4 Morado,N92D,1 Blanco,NN155C
15061297,2 Verde con pocas manchas,144A,8 Violeta,N88B,1 Verde,144A,9 Negruzco,N186A,1 Blanco-crema,162A,2 Crema,157B,4 Morado,N92C,1 Blanco,NN155D
15061942,3 Verde con muchas manchas,144A,6 Lila,N81C,4 Verde con abundantes puntos blancos,144B,6 Rojo,185B,2 Amarillo,160A,2 Crema,160D,4 Morado,N92D,0 Ausente,
15061298,2 Verde con pocas manchas,144A,7 Morado,N82C,4 Verde con abundantes puntos blancos,144B,6 Rojo,180C,2 Amarillo,160A,2 Crema,160D,4 Morado,N92D,1 Blanco,NN155A
15061299,7 Morado,200A,7 Morado,N82C,5 Verde con áreas pigmentadas,144A,8 Morado,183D,1 Blanco-crema,161C,1 Blanco,155A,4 Morado,90B,1 Blanco,NN155D
15061300,3 Verde con muchas manchas,144A,8 Violeta,N82A,5 Verde con áreas pigmentadas,146C,1 Blanco-crema,160A,9 Negruzco,N187A,2 Crema,157A,4 Morado,N92B,1 Blanco,NN155A
15061301,2 Verde con pocas manchas,144A,7 Morado,N82A,4 Verde con abundantes puntos blancos,144A,6 Rojo,183C,2 Amarillo,160A,2 Crema,160D,4 Morado,N92D,3 Rojo,71A
15061302,1 Verde,144A,8 Violeta,83A,1 Verde,144B,8 Morado,N187A,1 Blanco-crema,160A,2 Crema,160C,4 Morado,N92B,1 Blanco,NN155A
15061303,2 Verde con pocas manchas,144A,7 Morado,N81C,2 Verde con pocos puntos blancos,144B,2 Amarillo,160A,5 Rosado,183D,1 Blanco,155A,4 Morado,N80B,1 Blanco,NN155A
15061305,2 Verde con pocas manchas,144A,7 Morado,83C,4 Verde con abundantes puntos blancos,144B,2 Amarillo,162B,8 Morado,N77B,2 Crema,155A,4 Morado,N92C,1 Blanco,NN155A
15061307,4 Pigmentado con abundante verde,N77A,7 Morado,N82C,2 Verde con pocos puntos blancos,144A,8 Morado,N186C,2 Amarillo,160B,2 Crema,160D,4 Morado,N92B,1 Blanco,NN155A
15061308,7 Morado,200A,7 Morado,N81C,1 Verde,144A,8 Morado,N186A,0 Ausente,,4 Amarillo,160B,4 Morado,N92B,0 Ausente,
15061943,7 Morado,200A,7 Morado,N81B,6 Verde con bandas pigmentadas,146A,8 Morado,N186B,2 Amarillo,161A,1 Blanco,155A,4 Morado,N92C,1 Blanco,NN155C
15061312,1 Verde,144A,7 Morado,N82C,4 Verde con abundantes puntos blancos,N144A,6 Rojo,182A,1 Blanco-crema,161A,2 Crema,155A,4 Morado,90A,1 Blanco,NN155A
15061313,1 Verde,144A,7 Morado,N82A,1 Verde,N144A,1 Blanco-crema,161A,5 Rosado,182A,2 Crema,160D,4 Morado,N92C,0 Ausente,
15061314,3 Verde con muchas manchas,144A,7 Morado,N81C,5 Verde con áreas pigmentadas,N144B,6 Rojo,183D,0 Ausente,,4 Amarillo,160D,3 Rojo,72A,1 Blanco,NN155D
15061944,2 Verde con pocas manchas,144A,7 Morado,N87B,2 Verde con pocos puntos blancos,N144A,1 Blanco-crema,160A,6 Rojo,182A,2 Crema,155A,4 Morado,N87B,1 Blanco,NN155D
15062088,3 Verde con muchas manchas,144A,7 Morado,83B,4 Verde con abundantes puntos blancos,143C,7 Rojo-morado,N186B,0 Ausente,,2 Crema,155A,4 Morado,N92C,1 Blanco,NN155A
15061317,1 Verde,144A,1 Blanco,155A,5 Verde con áreas pigmentadas,144B,8 Morado,183D,1 Blanco-crema,161A,2 Crema,160C,4 Morado,N92D,1 Blanco,NN155A
15061318,3 Verde con muchas manchas,144A,7 Morado,N81A,4 Verde con abundantes puntos blancos,144A,9 Negruzco,N187A,0 Ausente,,2 Crema,155A,4 Morado,N92C,1 Blanco,NN155A
15061319,2 Verde con pocas manchas,144A,7 Morado,90C,7 Predominantemente pigmentado,145A,6 Rojo,180A,2 Amarillo,164B,2 Crema,155A,4 Morado,N92C,1 Blanco,NN155B
15061320,2 Verde con pocas manchas,144A,7 Morado,N82A,6 Verde con bandas pigmentadas,145A,2 Amarillo,162B,6 Rojo,184A,1 Blanco,160D,2 Rosado,N78A,1 Blanco,NN155A
15061321,4 Pigmentado con abundante verde,N77A,7 Morado,N82B,4 Verde con abundantes puntos blancos,144A,9 Negruzco,186B,0 Ausente,,2 Crema,160D,4 Morado,N92C,1 Blanco,NN155C
15061323,2 Verde con pocas manchas,144A,7 Morado,N82A,5 Verde con áreas pigmentadas,144A,1 Blanco-crema,164C,8 Morado,N77B,2 Crema,155A,4 Morado,N92D,1 Blanco,NN155D
15061324,2 Verde con pocas manchas,144A,.,..,4 Verde con abundantes puntos blancos,144 A,6 Rojo,183C,2 Amarillo,162A,2 Crema,160C,4 Morado,N92C,0 Ausente,
15061327,2 Verde con pocas manchas,144A,7 Morado,N80C,4 Verde con abundantes puntos blancos,144A,6 Rojo,184B,2 Amarillo,160A,2 Crema,155A,4 Morado,N92C,1 Blanco,NN155D
15061329,4 Pigmentado con abundante verde,N77A,8 Violeta,83B,6 Verde con bandas pigmentadas,144A,8 Morado,N186B,1 Blanco-crema,160A,4 Amarillo,160B,4 Morado,N92B,1 Blanco,NN155A
15061330,3 Verde con muchas manchas,144A,7 Morado,N82A,2 Verde con pocos puntos blancos,143C,6 Rojo,184A,0 Ausente,00,3 Amarillo claro,160C,3 Rojo,N78A,1 Blanco,NN155A
15061331,1 Verde,144A,7 Morado,84A,5 Verde con áreas pigmentadas,144A,4 Marrón,166D,6 Rojo,181B,2 Crema,155A,4 Morado,86A,1 Blanco,NN155D
15061333,2 Verde con pocas manchas,144A,7 Morado,92A,5 Verde con áreas pigmentadas,144A,9 Negruzco,N186A,0 Ausente,00,2 Crema,160D,4 Morado,N92B,1 Blanco,NN155D
15061334,2 Verde con pocas manchas,144A,7 Morado,N81B,1 Verde,144B,7 Rojo-morado,183C,2 Amarillo,162A,2 Crema,160C,4 Morado,N82B,1 Blanco,NN155D
15061335,2 Verde con pocas manchas,144A,8 Violeta,83B,5 Verde con áreas pigmentadas,144B,2 Amarillo,161A,8 Morado,N77B,2 Crema,160D,4 Morado,N92B,1 Blanco,NN155D
15061336,1 Verde,144A,7 Morado,N82A,4 Verde con abundantes puntos blancos,144A,8 Morado,79A,2 Amarillo,160A,2 Crema,160D,4 Morado,N92C,1 Blanco,NN155A
15061337,3 Verde con muchas manchas,144A,7 Morado,N87B,5 Verde con áreas pigmentadas,144A,7 Rojo-morado,N79 B,0 Ausente,,2 Crema,160D,4 Morado,N92D,0 Ausente,
15061338,5 Pigmentado con poco verde,N77A,7 Morado,N82B,6 Verde con bandas pigmentadas,144B,9 Negruzco,N186A,2 Amarillo,161A,2 Crema,155A,4 Morado,N92C,1 Blanco,NN155D
15061340,5 Pigmentado con poco verde,N77A,7 Morado,N82B,4 Verde con abundantes puntos blancos,144A,6 Rojo,182A,2 Amarillo,161A,3 Amarillo claro,160D,4 Morado,N92B,1 Blanco,NN155D
15061342,2 Verde con pocas manchas,144A,7 Morado,83C,4 Verde con abundantes puntos blancos,N144A,6 Rojo,183B,2 Amarillo,160A,2 Crema,160D,4 Morado,N92B,1 Blanco,NN155D
15061344,2 Verde con pocas manchas,144A,7 Morado,N82B,1 Verde,144C,8 Morado,N77B,0 Ausente,,2 Crema,160D,4 Morado,N92B,1 Blanco,NN155D
15061345,2 Verde con pocas manchas,144A,7 Morado,N81A,2 Verde con pocos puntos blancos,N144A,6 Rojo,181A,2 Amarillo,161A,2 Crema,160D,3 Rojo,N78A,1 Blanco,NN155A
15061945,2 Verde con pocas manchas,144A,7 Morado,N82A,4 Verde con abundantes puntos blancos,144B,2 Amarillo,161A,5 Rosado,178B,1 Blanco,160D,3 Rojo,N78B,1 Blanco,NN155D
15061346,2 Verde con pocas manchas,144A,7 Morado,N82C,2 Verde con pocos puntos blancos,144A,7 Rojo-morado,183C,1 Blanco-crema,162C,2 Crema,160C,3 Rojo,N78B,1 Blanco,NN155A
15061347,3 Verde con muchas manchas,144A,7 Morado,83C,4 Verde con abundantes puntos blancos,144A,8 Morado,N77B,2 Amarillo,160A,1 Blanco,160D,4 Morado,N92C,1 Blanco,NN155D
15061348,3 Verde con muchas manchas,144A,7 Morado,N82A,1 Verde,143B,6 Rojo,187B,0 Ausente,,2 Crema,160D,4 Morado,N92C,1 Blanco,NN155D
15061349,2 Verde con pocas manchas,144A,7 Morado,N82C,6 Verde con bandas pigmentadas,143B,1 Blanco-crema,162C,8 Morado,79D,3 Amarillo claro,160D,4 Morado,N92D,1 Blanco,NN155D
15061350,3 Verde con muchas manchas,144A,7 Morado,N80C,4 Verde con abundantes puntos blancos,143B,6 Rojo,181A,2 Amarillo,161A,4 Amarillo,160B,3 Rojo,N78B,1 Blanco,NN155A
15061352,2 Verde con pocas manchas,144A,7 Morado,N81A,1 Verde,144B,2 Amarillo,162A,8 Morado,N77B,2 Crema,160C,1 Blanco,NN155A,4 Morado,N82A
15061353,3 Verde con muchas manchas,144A,7 Morado,N81A,1 Verde,144A,7 Rojo-morado,183B,0 Ausente,,1 Blanco,155A,4 Morado,N92B,1 Blanco,NN155D
15061946,4 Pigmentado con abundante verde,N77A,8 Violeta,86C,4 Verde con abundantes puntos blancos,144A,8 Morado,N79A,1 Blanco-crema,161B,1 Blanco,155A,4 Morado,N92C,1 Blanco,NN155D
15062091,3 Verde con muchas manchas,144A,8 Violeta,N87B,1 Verde,144A,7 Rojo-morado,187A,2 Amarillo,160A,2 Crema,160D,4 Morado,N92C,0 Ausente,
15061355,4 Pigmentado con abundante verde,N77A,8 Violeta,N81A,1 Verde,144A,7 Rojo-morado,187A,2 Amarillo,162B,2 Crema,160D,4 Morado,N92C,1 Blanco,NN155A
15062092,3 Verde con muchas manchas,144A,7 Morado,86C,5 Verde con áreas pigmentadas,143A,7 Rojo-morado,183B,8 Morado,N186B,2 Crema,155A,4 Morado,N92B,1 Blanco,NN155A
15061356,3 Verde con muchas manchas,144A,7 Morado,N82C,5 Verde con áreas pigmentadas,144A,3 Anaranjado,166D,8 Morado,N77D,2 Crema,157C,4 Morado,N82B,1 Blanco,NN155D
15061357,4 Pigmentado con abundante verde,N77A,7 Morado,N82A,6 Verde con bandas pigmentadas,144A,9 Negruzco,N186A,1 Blanco-crema,161A,2 Crema,160D,4 Morado,N92C,1 Blanco,NN155A
15061358,2 Verde con pocas manchas,144A,7 Morado,86C,4 Verde con abundantes puntos blancos,143A,2 Amarillo,162B,8 Morado,N77B,2 Crema,160D,4 Morado,N92B,1 Blanco,NN155D
15061359,3 Verde con muchas manchas,144A,7 Morado,N88B,1 Verde,143A,7 Rojo-morado,183C,2 Amarillo,160A,2 Crema,160C,4 Morado,N92C,1 Blanco,NN155C
15061360,3 Verde con muchas manchas,144A,7 Morado,N81A,1 Verde,144A,8 Morado,79A,6 Rojo,184b,2 Crema,160D,4 Morado,N92C,1 Blanco,NN155A
15061361,2 Verde con pocas manchas,144A,7 Morado,N82A,1 Verde,144A,7 Rojo-morado,183A,0 Ausente,00,2 Crema,160D,4 Morado,N92C,1 Blanco,NN155D
15062094,7 Morado,200A,7 Morado,N87A,1 Verde,N144A,9 Negruzco,N186A,1 Blanco-crema,162B,2 Crema,155C,4 Morado,N92D,1 Blanco,NN155D
15061364,2 Verde con pocas manchas,144A,7 Morado,N82A,1 Verde,N144B,7 Rojo-morado,187B,2 Amarillo,162B,2 Crema,160D,4 Morado,N92D,1 Blanco,NN155B
15061365,2 Verde con pocas manchas,144A,7 Morado,N82C,4 Verde con abundantes puntos blancos,144A,5 Rosado,183C,1 Blanco-crema,161A,2 Crema,160D,4 Morado,83C,1 Blanco,NN155D
15061367,3 Verde con muchas manchas,144A,7 Morado,N82B,.,.,5 Rosado,183B,1 Blanco-crema,161A,2 Crema,155A,4 Morado,83C,1 Blanco,NN155A
15061948,2 Verde con pocas manchas,144A,7 Morado,N82C,1 Verde,144A,6 Rojo,168A,1 Blanco-crema,161A,2 Crema,160D,4 Morado,N81C,1 Blanco,NN155D
15061368,2 Verde con pocas manchas,144A,7 Morado,92A,2 Verde con pocos puntos blancos,N144A,3 Anaranjado,177C,8 Morado,N77A,4 Amarillo,160C,4 Morado,N92C,1 Blanco,NN155D
15062347,2 Verde con pocas manchas,144A,7 Morado,92A,2 Verde con pocos puntos blancos,N144A,8 Morado,N77A,1 Blanco-crema,164C,2 Crema,160D,4 Morado,N92C,1 Blanco,NN155A
15061369,1 Verde,144A,7 Morado,92A,5 Verde con áreas pigmentadas,144B,8 Morado,N77C,1 Blanco-crema,174C,2 Crema,155A,4 Morado,N92C,1 Blanco,NN155D
15062097,3 Verde con muchas manchas,144A,7 Morado,N82A,4 Verde con abundantes puntos blancos,144A,6 Rojo,176A,2 Amarillo,162B,2 Crema,160D,4 Morado,N92C,1 Blanco,NN155D
15061370,3 Verde con muchas manchas,144A,7 Morado,N81A,2 Verde con pocos puntos blancos,144A,6 Rojo,184B,2 Amarillo,162B,2 Crema,160D,3 Rojo,N78B,1 Blanco,NN155D
15062348,2 Verde con pocas manchas,144A,7 Morado,N82B,4 Verde con abundantes puntos blancos,144A,6 Rojo,183B,2 Amarillo,162A,2 Crema,160C,4 Morado,84A,1 Blanco,NN155A
15062349,3 Verde con muchas manchas,144A,8 Violeta,83C,1 Verde,143A,8 Morado,N186B,2 Amarillo,162A,2 Crema,160D,4 Morado,N92B,1 Blanco,NN155D
15062350,3 Verde con muchas manchas,144A,7 Morado,N82B,1 Verde,144A,7 Rojo-morado,N186C,2 Amarillo,161A,4 Amarillo,160C,4 Morado,90A,1 Blanco,NN155D
15061949,3 Verde con muchas manchas,144A,7 Morado,86B,6 Verde con bandas pigmentadas,144A,8 Morado,N186A,1 Blanco-crema,162A,2 Crema,155A,4 Morado,N92C,1 Blanco,NN155A
15062351,5 Pigmentado con poco verde,N77A,7 Morado,86B,4 Verde con abundantes puntos blancos,N144A,8 Morado,N79A,1 Blanco-crema,161A,2 Crema,160D,4 Morado,N92C,1 Blanco,NN155D
15062098,3 Verde con muchas manchas,144A,7 Morado,N82B,4 Verde con abundantes puntos blancos,144B,6 Rojo,178A,1 Blanco-crema,162A,2 Crema,160D,3 Rojo,N78B,1 Blanco,NN155A
15061376,3 Verde con muchas manchas,144A,7 Morado,N81A,4 Verde con abundantes puntos blancos,144A,6 Rojo,183C,2 Amarillo,161A,2 Crema,160C,3 Rojo,N78B,1 Blanco,NN155D
15061377,2 Verde con pocas manchas,144A,7 Morado,92A,2 Verde con pocos puntos blancos,144A,2 Amarillo,162A,6 Rojo,181A,4 Amarillo,160C,3 Rojo,N78B,1 Blanco,NN155A
15061378,2 Verde con pocas manchas,144A,7 Morado,N87B,2 Verde con pocos puntos blancos,144A,2 Amarillo,162A,8 Morado,N77D,2 Crema,160D,4 Morado,90B,1 Blanco,NN155D
15061380,5 Pigmentado con poco verde,N77A,7 Morado,N82A,4 Verde con abundantes puntos blancos,144A,7 Rojo-morado,181A,2 Amarillo,162A,2 Crema,160D,4 Morado,N92C,0 Ausente,
15061382,1 Verde,144A,7 Morado,N88A,1 Verde,146B,8 Morado,N77D,0 Ausente,,2 Crema,155A,4 Morado,N88C,1 Blanco,NN155D
15061383,4 Pigmentado con abundante verde,N77A,7 Morado,N87B,5 Verde con áreas pigmentadas,146B,7 Rojo-morado,183B,0 Ausente,,2 Crema,160D,4 Morado,N92C,1 Blanco,NN155D
15061384,5 Pigmentado con poco verde,N77A,7 Morado,N82A,5 Verde con áreas pigmentadas,144A,8 Morado,N187A,2 Amarillo,162B,1 Blanco,155A,4 Morado,N92B,1 Blanco,NN155D
15061385,5 Pigmentado con poco verde,N77A,7 Morado,N82B,1 Verde,144A,8 Morado,N187A,2 Amarillo,162B,1 Blanco,155A,4 Morado,N92C,1 Blanco,NN155A
15061386,3 Verde con muchas manchas,144A,7 Morado,90B,1 Verde,144B,8 Morado,N77A,0 Ausente,,2 Crema,160D,4 Morado,N92C,1 Blanco,NN155D
15061388,2 Verde con pocas manchas,144A,7 Morado,N82C,4 Verde con abundantes puntos blancos,143B,6 Rojo,183B,2 Amarillo,161C,2 Crema,155A,3 Rojo,72C,1 Blanco,NN155A
15061389,4 Pigmentado con abundante verde,N77A,6 Lila,N81B,6 Verde con bandas pigmentadas,144B,8 Morado,N187A,2 Amarillo,162A,2 Crema,160D,4 Morado,94B,1 Blanco,NN155A
15061390,4 Pigmentado con abundante verde,N77A,7 Morado,N81B,1 Verde,144A,8 Morado,N187A,2 Amarillo,162B,2 Crema,160D,4 Morado,N92C,1 Blanco,NN155A
15061391,4 Pigmentado con abundante verde,N77A,7 Morado,N81A,1 Verde,144A,8 Morado,N77A,2 Amarillo,162B,2 Crema,160D,1 Blanco,NN155A,4 Morado,86A
15061392,3 Verde con muchas manchas,144A,7 Morado,92A,1 Verde,144A,4 Marrón,176B,8 Morado,N77B,3 Amarillo claro,160C,4 Morado,90B,1 Blanco,NN155D
15061393,3 Verde con muchas manchas,144A,8 Violeta,90B,2 Verde con pocos puntos blancos,146B,6 Rojo,184B,0 Ausente,,2 Crema,160D,4 Morado,N92C,0 Ausente,
15061394,2 Verde con pocas manchas,144A,1 Blanco,155A,1 Verde,144B,8 Morado,N77D,0 Ausente,00,2 Crema,160C,4 Morado,N92C,1 Blanco,NN155D
15061396,5 Pigmentado con poco verde,N77A,7 Morado,N88B,1 Verde,144B,9 Negruzco,N186A,2 Amarillo,162B,1 Blanco,155A,4 Morado,N92C,1 Blanco,NN155A
15061397,2 Verde con pocas manchas,144A,1 Blanco,155A,1 Verde,143A,8 Morado,N77D,2 Amarillo,164C,4 Amarillo,160C,4 Morado,94C,1 Blanco,NN155D
15062353,2 Verde con pocas manchas,144A,7 Morado,N81B,2 Verde con pocos puntos blancos,143B,2 Amarillo,162A,6 Rojo,178A,2 Crema,160D,3 Rojo,72B,1 Blanco,NN155A
15061400,2 Verde con pocas manchas,144A,7 Morado,N81B,1 Verde,N144A,2 Amarillo,161B,6 Rojo,184B,2 Crema,160D,3 Rojo,N78B,1 Blanco,NN155D
15061401,3 Verde con muchas manchas,144A,7 Morado,N82A,5 Verde con áreas pigmentadas,144B,8 Morado,N77A,0 Ausente,,2 Crema,160D,4 Morado,N92D,1 Blanco,NN155B
15062099,3 Verde con muchas manchas,144A,7 Morado,N81B,5 Verde con áreas pigmentadas,144A,8 Morado,N79A,0 Ausente,,2 Crema,160C,4 Morado,90A,1 Blanco,NN155A
15062100,3 Verde con muchas manchas,144A,7 Morado,N87C,1 Verde,144A,1 Blanco-crema,160A,5 Rosado,181B,2 Crema,155A,4 Morado,N80B,1 Blanco,NN155A
15062101,4 Pigmentado con abundante verde,N77A,7 Morado,90B,4 Verde con abundantes puntos blancos,144B,6 Rojo,184B,0 Ausente,00,3 Amarillo claro,160D,4 Morado,N92C,0 Ausente,
15062102,1 Verde,144A,1 Blanco,155A,4 Verde con abundantes puntos blancos,143B,1 Blanco-crema,161B,5 Rosado,174C,2 Crema,155A,4 Morado,N82B,1 Blanco,NN155A
15061404,7 Morado,200A,6 Lila,N81A,6 Verde con bandas pigmentadas,144B,9 Negruzco,N187A,2 Amarillo,160B,2 Crema,160D,4 Morado,N92C,3 Rojo,N79C
15061405,2 Verde con pocas manchas,144A,7 Morado,N88C,5 Verde con áreas pigmentadas,146B,8 Morado,N77B,0 Ausente,00,2 Crema,155A,4 Morado,N92C,1 Blanco,NN155A
15061406,2 Verde con pocas manchas,144A,7 Morado,N82A,5 Verde con áreas pigmentadas,144A,7 Rojo-morado,183A,2 Amarillo,162C,2 Crema,160D,4 Morado,N92C,1 Blanco,NN155D
15061410,2 Verde con pocas manchas,144A,6 Lila,N81A,5 Verde con áreas pigmentadas,144A,6 Rojo,181A,1 Blanco-crema,162C,1 Blanco,155A,3 Rojo,71A,0 Ausente,0
15061411,2 Verde con pocas manchas,144A,8 Violeta,83C,2 Verde con pocos puntos blancos,146B,8 Morado,N77D,1 Blanco-crema,160B,1 Blanco,NN155A,4 Morado,N92C,1 Blanco,NN155A
15061413,5 Pigmentado con poco verde,N77A,7 Morado,N82C,1 Verde,144C,9 Negruzco,N186A,2 Amarillo,162A,2 Crema,160D,4 Morado,N92C,1 Blanco,NN155A
15062103,3 Verde con muchas manchas,144A,7 Morado,N81A,1 Verde,143A,2 Amarillo,162A,8 Morado,N79A,3 Amarillo claro,160C,4 Morado,86B,1 Blanco,NN155A
15061414,5 Pigmentado con poco verde,N77A,7 Morado,N82C,6 Verde con bandas pigmentadas,144B,2 Amarillo,162A,8 Morado,187A,2 Crema,160D,4 Morado,83B,1 Blanco,NN155A
15062104,3 Verde con muchas manchas,144A,8 Violeta,N88A,6 Verde con bandas pigmentadas,143B,2 Amarillo,161B,8 Morado,N185A,1 Blanco,160D,4 Morado,N92C,1 Blanco,NN155A
15062105,5 Pigmentado con poco verde,N77A,7 Morado,83C,5 Verde con áreas pigmentadas,144A,8 Morado,N186C,1 Blanco-crema,160A,1 Blanco,155C,2 Rosado,N92C,1 Blanco,NN155A
15061415,3 Verde con muchas manchas,144A,7 Morado,N87A,4 Verde con abundantes puntos blancos,143A,6 Rojo,181A,0 Ausente,00,1 Blanco,160D,3 Rojo,N78A,1 Blanco,NN155D
15062106,7 Morado,200A,7 Morado,N81A,5 Verde con áreas pigmentadas,144A,8 Morado,N187A,0 Ausente,,2 Crema,160D,4 Morado,N92C,3 Rojo,N79C
15061416,3 Verde con muchas manchas,144A,7 Morado,N82C,2 Verde con pocos puntos blancos,144A,7 Rojo-morado,183B,2 Amarillo,160A,1 Blanco,155C,4 Morado,N92C,1 Blanco,NN155D
15061417,4 Pigmentado con abundante verde,N77A,7 Morado,N81C,1 Verde,143B,8 Morado,N186A,2 Amarillo,162A,2 Crema,162D,4 Morado,83A,1 Blanco,NN155B
15061418,4 Pigmentado con abundante verde,N77A,7 Morado,N81C,1 Verde,144B,2 Amarillo,162A,8 Morado,N186C,2 Crema,155A,4 Morado,83A,1 Blanco,NN155A
15061419,5 Pigmentado con poco verde,N77A,7 Morado,N87A,6 Verde con bandas pigmentadas,144A,8 Morado,N186A,2 Amarillo,160A,1 Blanco,155C,4 Morado,N92C,1 Blanco,NN155A
15061420,2 Verde con pocas manchas,144A,8 Violeta,83B,2 Verde con pocos puntos blancos,144A,2 Amarillo,162A,8 Morado,N186C,2 Crema,155A,4 Morado,90C,1 Blanco,NN155D
15061421,3 Verde con muchas manchas,144A,7 Morado,92B,4 Verde con abundantes puntos blancos,144B,6 Rojo,183A,2 Amarillo,161A,2 Crema,160D,3 Rojo,N92C,1 Blanco,NN155D
15062366,2 Verde con pocas manchas,144A,7 Morado,84A,2 Verde con pocos puntos blancos,144B,7 Rojo-morado,N79B,2 Amarillo,161A,1 Blanco,155C,4 Morado,N92D,1 Blanco,NN155A
15062107,3 Verde con muchas manchas,144A,7 Morado,83C,2 Verde con pocos puntos blancos,143A,8 Morado,N77D,1 Blanco-crema,161B,1 Blanco,155C,4 Morado,N92D,1 Blanco,NN155A
15062108,5 Pigmentado con poco verde,N77A,7 Morado,84A,1 Verde,144A,9 Negruzco,N186A,1 Blanco-crema,162B,2 Crema,155A,4 Morado,N92D,1 Blanco,NN155A
15061422,3 Verde con muchas manchas,144A,7 Morado,N80B,6 Verde con bandas pigmentadas,144A,7 Rojo-morado,N186C,2 Amarillo,162B,1 Blanco,155A,4 Morado,72A,1 Blanco,NN155A
15061423,3 Verde con muchas manchas,144A,7 Morado,N82B,2 Verde con pocos puntos blancos,144A,6 Rojo,183B,2 Amarillo,162B,1 Blanco,155A,4 Morado,83A,1 Blanco,NN155A
15061424,5 Pigmentado con poco verde,N77A,7 Morado,N81C,4 Verde con abundantes puntos blancos,144A,8 Morado,N186C,2 Amarillo,160A,2 Crema,160C,4 Morado,92B,1 Blanco,NN155D
15061425,3 Verde con muchas manchas,144A,7 Morado,N82B,4 Verde con abundantes puntos blancos,144A,6 Rojo,183C,2 Amarillo,160A,2 Crema,160D,3 Rojo,N78B,1 Blanco,NN155D
15062109,2 Verde con pocas manchas,144A,7 Morado,N82A,2 Verde con pocos puntos blancos,144C,6 Rojo,178A,1 Blanco-crema,162A,2 Crema,160D,3 Rojo,N78C,1 Blanco,NN155A
15062110,4 Pigmentado con abundante verde,N77A,8 Violeta,N82B,4 Verde con abundantes puntos blancos,146B,6 Rojo,178A,0 Ausente,,2 Crema,160D,3 Rojo,72A,1 Blanco,NN155A
15062111,5 Pigmentado con poco verde,N77A,7 Morado,N82A,1 Verde,143A,6 Rojo,186C,0 Ausente,,3 Amarillo claro,160C,4 Morado,N92C,1 Blanco,NN155D
15062112,5 Pigmentado con poco verde,N77A,7 Morado,N82A,6 Verde con bandas pigmentadas,N144A,9 Negruzco,186A,1 Blanco-crema,162B,1 Blanco,155C,4 Morado,N92C,1 Blanco,NN155A
15061428,2 Verde con pocas manchas,144A,7 Morado,N82B,2 Verde con pocos puntos blancos,144B,6 Rojo,183C,2 Amarillo,160A,2 Crema,160D,3 Rojo,N78B,1 Blanco,NN155A
15062354,2 Verde con pocas manchas,144A,7 Morado,N82B,1 Verde,N144B,1 Blanco-crema,161A,6 Rojo,178A,3 Amarillo claro,160C,3 Rojo,N78A,1 Blanco,NN155A
15061951,2 Verde con pocas manchas,144A,7 Morado,N82C,2 Verde con pocos puntos blancos,N144A,6 Rojo,181A,1 Blanco-crema,162B,2 Crema,160D,3 Rojo,N78B,1 Blanco,NN155A
15061430,1 Verde,144A,7 Morado,N80A,2 Verde con pocos puntos blancos,144A,6 Rojo,181A,2 Amarillo,162A,2 Crema,160D,3 Rojo,N78A,1 Blanco,NN155A
15061434,4 Pigmentado con abundante verde,N77A,7 Morado,N82B,4 Verde con abundantes puntos blancos,146A,6 Rojo,183B,0 Ausente,,2 Crema,160D,3 Rojo,72A,1 Blanco,NN155D
15061435,4 Pigmentado con abundante verde,N77A,8 Violeta,N82A,4 Verde con abundantes puntos blancos,144A,6 Rojo,184B,9 Negruzco,186A,2 Crema,160D,4 Morado,92C,0 Ausente,
15061436,1 Verde,144A,6 Lila,N81C,5 Verde con áreas pigmentadas,146B,2 Amarillo,162A,0 Ausente,,1 Blanco,155A,4 Morado,90B,1 Blanco,NN155A
15062114,5 Pigmentado con poco verde,N77A,8 Violeta,N82A,4 Verde con abundantes puntos blancos,144C,2 Amarillo,162A,9 Negruzco,N186A,2 Crema,160D,4 Morado,90D,1 Blanco,NN155D
15061952,5 Pigmentado con poco verde,N77A,7 Morado,83B,2 Verde con pocos puntos blancos,144B,7 Rojo-morado,183A,2 Amarillo,162B,2 Crema,160D,4 Morado,N92D,1 Blanco,NN155A
15062115,5 Pigmentado con poco verde,N77A,7 Morado,N82B,5 Verde con áreas pigmentadas,144B,1 Blanco-crema,160A,9 Negruzco,N186A,2 Crema,160D,4 Morado,90C,1 Blanco,NN155A
15061437,2 Verde con pocas manchas,144A,8 Violeta,83B,4 Verde con abundantes puntos blancos,144C,2 Amarillo,160A,8 Morado,N77D,1 Blanco,155A,4 Morado,N92D,0 Ausente,
15061438,7 Morado,200A,7 Morado,N81C,1 Verde,144A,9 Negruzco,N186A,2 Amarillo,162C,2 Crema,155A,4 Morado,N92D,3 Rojo,N78B
15061439,3 Verde con muchas manchas,144A,8 Violeta,83B,4 Verde con abundantes puntos blancos,144A,2 Amarillo,162A,8 Morado,N77A,2 Crema,160D,4 Morado,N92B,1 Blanco,NN155A
15061441,5 Pigmentado con poco verde,N77A,7 Morado,83C,5 Verde con áreas pigmentadas,144B,2 Amarillo,160A,9 Negruzco,N186A,3 Amarillo claro,160D,4 Morado,92B,1 Blanco,NN155D
15061442,3 Verde con muchas manchas,144A,8 Violeta,83A,2 Verde con pocos puntos blancos,144B,8 Morado,N77C,1 Blanco-crema,160B,2 Crema,155A,4 Morado,90A,1 Blanco,NN155A
15061443,1 Verde,144A,7 Morado,84A,1 Verde,144C,2 Amarillo,162A,5 Rosado,182A,2 Crema,160D,2 Rosado,72C,1 Blanco,NN155A
15062367,5 Pigmentado con poco verde,N77A,7 Morado,N87A,5 Verde con áreas pigmentadas,144C,1 Blanco-crema,161A,9 Negruzco,N186A,3 Amarillo claro,160D,4 Morado,N92D,1 Blanco,NN155A
15061444,3 Verde con muchas manchas,144A,7 Morado,N81A,4 Verde con abundantes puntos blancos,143C,7 Rojo-morado,187A,0 Ausente,,1 Blanco,155A,4 Morado,N92C,1 Blanco,NN155A
15061445,7 Morado,200A,7 Morado,83C,5 Verde con áreas pigmentadas,144A,2 Amarillo,160A,9 Negruzco,186A,2 Crema,160D,4 Morado,90A,1 Blanco,NN155A
15061953,7 Morado,200A,7 Morado,N82A,5 Verde con áreas pigmentadas,N144A,8 Morado,N77A,2 Amarillo,162B,1 Blanco,155A,4 Morado,N92C,1 Blanco,NN155A
15061447,1 Verde,144A,7 Morado,N81C,2 Verde con pocos puntos blancos,143A,7 Rojo-morado,183A,2 Amarillo,160A,1 Blanco,155A,4 Morado,N79B,1 Blanco,NN155A
15061449,2 Verde con pocas manchas,144A,7 Morado,N88C,.,.,8 Morado,186B,2 Amarillo,160A,2 Crema,160D,4 Morado,N92C,1 blanco,NN155D
15061453,5 Pigmentado con poco verde,N77A,7 Morado,N82A,5 Verde con áreas pigmentadas,146B,9 Negruzco,N186A,2 Amarillo,160A,2 Crema,160D,4 Morado,90B,1 Blanco,NN155A
15061454,3 Verde con muchas manchas,144A,7 Morado,N88B,2 Verde con pocos puntos blancos,144A,8 Morado,187A,2 Amarillo,160A,2 Crema,160D,4 Morado,90A,1 Blanco,NN155A
15062117,2 Verde con pocas manchas,144A,7 Morado,N82A,2 Verde con pocos puntos blancos,144B,6 Rojo,183C,2 Amarillo,162D,2 Crema,160D,3 Rojo,N78A,1 Blanco,NN155D
15062118,2 Verde con pocas manchas,144A,7 Morado,N87C,2 Verde con pocos puntos blancos,144B,6 Rojo,183C,2 Amarillo,161A,2 Crema,160D,3 Rojo,N78A,1 Blanco,NN155A
15061458,3 Verde con muchas manchas,144A,7 Morado,N87D,2 Verde con pocos puntos blancos,144B,6 Rojo,181B,2 Amarillo,162A,2 Crema,160C,3 Rojo,N78B,1 Blanco,NN155D
15061459,7 Morado,200A,7 Morado,N87B,6 Verde con bandas pigmentadas,146B,9 Negruzco,N186A,2 Amarillo,160A,1 Blanco,155A,4 Morado,N92D,0 Ausente,
15061461,1 Verde,144A,7 Morado,N88C,2 Verde con pocos puntos blancos,N144A,2 Amarillo,160A,6 Rojo,183C,2 Crema,160C,3 Rojo,N78B,1 Blanco,NN155D
15062368,2 Verde con pocas manchas,144A,7 Morado,N87B,4 Verde con abundantes puntos blancos,N144A,6 Rojo,178A,2 Amarillo,162A,3 Amarillo claro,160C,3 Rojo,N78B,1 Blanco,NN155D
15062119,4 Pigmentado con abundante verde,N77A,7 Morado,N88B,6 Verde con bandas pigmentadas,144B,9 Negruzco,N186A,2 Amarillo,161A,2 Crema,155A,4 Morado,N92C,1 Blanco,NN155A
15061462,3 Verde con muchas manchas,144A,8 Violeta,90B,4 Verde con abundantes puntos blancos,145A,2 Amarillo,162A,8 Morado,N79A,2 Crema,157A,4 Morado,94B,1 Blanco,NN155D
15061954,2 Verde con pocas manchas,144A,7 Morado,N82B,2 Verde con pocos puntos blancos,143A,6 Rojo,184A,2 Amarillo,162B,2 Crema,160D,3 Rojo,N78A,1 Blanco,NN155A
15061463,3 Verde con muchas manchas,144A,7 Morado,N82C,2 Verde con pocos puntos blancos,144A,7 Rojo-morado,N77A,2 Amarillo,160A,2 Crema,157A,4 Morado,N92D,1 Blanco,NN155A
15061469,3 Verde con muchas manchas,144A,7 Morado,N87B,5 Verde con áreas pigmentadas,146C,8 Morado,N77B,0 Ausente,,2 Crema,157A,4 Morado,90B,1 Blanco,NN155A
15061470,3 Verde con muchas manchas,144A,7 Morado,N82C,1 Verde,144B,8 Morado,N77D,1 Blanco-crema,164D,2 Crema,155A,4 Morado,83A,1 Blanco,NN155A
15061471,3 Verde con muchas manchas,137C,7 Morado,N87C,1 Verde,144A,7 Rojo-morado,N77B,1 Blanco-crema,162C,2 Crema,155A,4 Morado,N92D,1 Blanco,NN155D
15061475,2 Verde con pocas manchas,144A,7 Morado,91B,4 Verde con abundantes puntos blancos,144C,6 Rojo,183B,2 Amarillo,160A,2 Crema,160D,4 Morado,N92C,0 Ausente,
15061476,4 Pigmentado con abundante verde,N77A,7 Morado,90C,5 Verde con áreas pigmentadas,144C,8 Morado,N79A,1 Blanco-crema,160A,2 Crema,155A,4 Morado,N92D,1 Blanco,NN155A
15061477,3 Verde con muchas manchas,144A,7 Morado,N88B,5 Verde con áreas pigmentadas,145A,8 Morado,N186A,2 Amarillo,162D,1 Blanco,155A,4 Morado,N92C,0 Ausente,
15061478,5 Pigmentado con poco verde,N77A,7 Morado,N82C,5 Verde con áreas pigmentadas,144A,9 Negruzco,N186A,2 Amarillo,160A,1 Blanco,157A,4 Morado,N92C,1 Blanco,NN155A
15061479,3 Verde con muchas manchas,144A,7 Morado,N82A,2 Verde con pocos puntos blancos,144B,6 Rojo,183A,2 Amarillo,160A,2 Crema,157A,3 Rojo,N79C,1 Blanco,NN155A
15061480,5 Pigmentado con poco verde,N77A,7 Morado,N80B,1 Verde,144A,9 Negruzco,186A,2 Amarillo,160A,2 Crema,160C,4 Morado,90B,1 Blanco,NN155D
15061481,2 Verde con pocas manchas,144A,7 Morado,N82A,2 Verde con pocos puntos blancos,144A,2 Amarillo,162A,5 Rosado,176B,2 Crema,155A,4 Morado,N92C,0 Ausente,
15061482,1 Verde,144A,7 Morado,N80A,.,.,2 Amarillo,160A,5 Rosado,182B,1 Blanco,155A,3 Rojo,71A,1 Blanco,NN155A
15061484,3 Verde con muchas manchas,137B,8 Violeta,83C,4 Verde con abundantes puntos blancos,145A,6 Rojo,184A,0 Ausente,,3 Amarillo claro,160C,4 Morado,N92C,0 Ausente,
15061485,1 Verde,144A,7 Morado,90A,.,.,2 Amarillo,160A,5 Rosado,181C,2 Crema,160D,3 Rojo,71A,1 Blanco,NN155A
15061486,7 Morado,200A,7 Morado,N88C,5 Verde con áreas pigmentadas,144A,9 Negruzco,N186A,0 Ausente,,2 Crema,157C,4 Morado,N92D,1 Blanco,NN155D
15061487,7 Morado,200A,8 Violeta,83C,4 Verde con abundantes puntos blancos,143A,8 Morado,N186C,2 Amarillo,160A,1 Blanco,155A,4 Morado,N92C,1 Blanco,NN155D
15061488,5 Pigmentado con poco verde,N77A,7 Morado,N82A,6 Verde con bandas pigmentadas,144A,8 Morado,N187A,2 Amarillo,161A,2 Crema,155A,4 Morado,90A,1 Blanco,NN155A
15061489,5 Pigmentado con poco verde,N77A,7 Morado,N81A,6 Verde con bandas pigmentadas,144B,8 Morado,N186C,2 Amarillo,161A,2 Crema,160D,4 Morado,N92D,1 Blanco,NN155A
15061490,5 Pigmentado con poco verde,N77A,8 Violeta,N82A,1 Verde,144B,7 Rojo-morado,N186C,2 Amarillo,160A,2 Crema,160C,4 Morado,N78B,1 Blanco,NN155A
15062122,7 Morado,200A,8 Violeta,83A,1 Verde,144B,9 Negruzco,N186A,0 Ausente,,2 Crema,155A,4 Morado,N92C,1 Blanco,NN155C
15061491,4 Pigmentado con abundante verde,N77A,8 Violeta,N82A,1 Verde,N144A,8 Morado,N187A,2 Amarillo,162B,2 Crema,160D,3 Rojo,N78B,1 Blanco,NN155C
15061492,7 Morado,200A,7 Morado,N82C,1 Verde,144A,8 Morado,N187A,2 Amarillo,162B,2 Crema,160B,4 Morado,86B,1 Blanco,NN155A
15061493,3 Verde con muchas manchas,144A,7 Morado,N88B,2 Verde con pocos puntos blancos,144A,7 Rojo-morado,187B,2 Amarillo,162B,3 Amarillo claro,160C,4 Morado,N92D,1 Blanco,NN155C
15061494,5 Pigmentado con poco verde,N77A,8 Violeta,N82A,4 Verde con abundantes puntos blancos,144A,9 Negruzco,N186A,6 Rojo,187B,1 Blanco,155A,4 Morado,N92D,0 Ausente,
15061495,4 Pigmentado con abundante verde,N77A,8 Violeta,90B,4 Verde con abundantes puntos blancos,145A,8 Morado,187B,2 Amarillo,162B,2 Crema,160D,4 Morado,N92C,1 Blanco,NN155D
15061496,4 Pigmentado con abundante verde,N77A,8 Violeta,N88A,4 Verde con abundantes puntos blancos,144A,7 Rojo-morado,178A,2 Amarillo,162B,2 Crema,155A,4 Morado,N92D,1 Blanco,NN155D
15061498,7 Morado,200A,8 Violeta,86A,1 Verde,144A,8 Morado,N186A,2 Amarillo,162B,2 Crema,160D,4 Morado,N92D,1 blanco,NN155D
15062123,2 Verde con pocas manchas,144A,7 Morado,N88C,2 Verde con pocos puntos blancos,144A,2 Amarillo,161A,6 Rojo,181A,2 Crema,155A,4 Morado,N92C,0 Ausente,
15061499,2 Verde con pocas manchas,144A,7 Morado,N88D,1 Verde,N144A,2 Amarillo,162B,6 Rojo,182A,2 Crema,160D,1 Blanco,N92D,1 Blanco,NN155D
15061500,1 Verde,144A,7 Morado,N81A,1 Verde,146B,2 Amarillo,160A,5 Rosado,182A,1 Blanco,155C,3 Rojo,N80B,1 Blanco,NN155A
15061501,4 Pigmentado con abundante verde,N77A,7 Morado,N82A,5 Verde con áreas pigmentadas,146B,2 Amarillo,165C,6 Rojo,178B,2 Crema,155A,3 Rojo,N80A,1 Blanco,NN155D
15061503,3 Verde con muchas manchas,144A,7 Morado,N88C,1 Verde,144B,8 Morado,N77D,1 Blanco-crema,160B,2 Crema,160C,4 Morado,92D,1 Blanco,NN155D
15061504,2 Verde con pocas manchas,137B,7 Morado,N82B,5 Verde con áreas pigmentadas,144A,8 Morado,N77D,1 Blanco-crema,160B,2 Crema,155A,4 Morado,90D,1 Blanco,NN155C
15061505,3 Verde con muchas manchas,137C,7 Morado,N81A,5 Verde con áreas pigmentadas,144B,6 Rojo,182A,0 Ausente,00,3 Amarillo claro,160C,3 Rojo,N78A,0 Ausente,
15061507,3 Verde con muchas manchas,144A,8 Violeta,N81A,2 Verde con pocos puntos blancos,N144A,8 Morado,183C,2 Amarillo,160A,2 Crema,155A,4 Morado,90B,1 Blanco,NN155A
15061508,4 Pigmentado con abundante verde,N77A,8 Violeta,N81A,2 Verde con pocos puntos blancos,144B,1 Blanco-crema,160A,8 Morado,183B,2 Crema,155A,4 Morado,90B,1 Blanco,NN155A
15061509,3 Verde con muchas manchas,144A,1 Blanco,155A,5 Verde con áreas pigmentadas,144B,9 Negruzco,N187A,0 Ausente,,2 Crema,160D,4 Morado,N92D,1 Blanco,NN155A
15061511,3 Verde con muchas manchas,144A,1 Blanco,155A,5 Verde con áreas pigmentadas,146B,9 Negruzco,N186A,0 Ausente,,2 Crema,155A,4 Morado,N92C,1 Blanco,NN155A
15061514,2 Verde con pocas manchas,144A,7 Morado,N88D,4 Verde con abundantes puntos blancos,144B,6 Rojo,181A,2 Amarillo,162B,2 Crema,160D,4 Morado,N92C,1 Blanco,NN155D
15062124,3 Verde con muchas manchas,137B,1 Blanco,155A,5 Verde con áreas pigmentadas,N144A,9 Negruzco,N186B,0 Ausente,,2 Crema,160D,4 Morado,N92D,1 Blanco,NN155D
15061515,3 Verde con muchas manchas,137B,1 Blanco,155A,5 Verde con áreas pigmentadas,146C,7 Rojo-morado,183B,1 Blanco-crema,173D,3 Amarillo claro,160D,4 Morado,N92D,1 Blanco,NN155D
15061516,4 Pigmentado con abundante verde,N77A,6 Lila,N80A,1 Verde,144B,6 Rojo,183C,0 Ausente,,2 Crema,155B,3 Rojo,71A,1 Blanco,NN155B
15061517,3 Verde con muchas manchas,137A,7 Morado,N82A,5 Verde con áreas pigmentadas,144A,6 Rojo,187B,2 Amarillo,160A,2 Crema,160D,4 Morado,91B,1 Blanco,NN155D
15061518,3 Verde con muchas manchas,144A,7 Morado,N82A,2 Verde con pocos puntos blancos,144B,7 Rojo-morado,187B,2 Amarillo,162B,1 Blanco,155A,4 Morado,91A,1 Blanco,NN155A
15061520,3 Verde con muchas manchas,144A,7 Morado,N82A,4 Verde con abundantes puntos blancos,146B,7 Rojo-morado,178A,2 Amarillo,162B,3 Amarillo claro,160B,4 Morado,N79D,1 Blanco,NN155A
15061521,4 Pigmentado con abundante verde,N77A,7 Morado,N82C,4 Verde con abundantes puntos blancos,144B,7 Rojo-morado,183B,2 Amarillo,162B,4 Amarillo,160B,4 Morado,N75B,1 Blanco,NN155D
15061522,4 Pigmentado con abundante verde,N77A,7 Morado,N82A,1 Verde,144B,2 Amarillo,162A,8 Morado,183C,1 Blanco,155A,4 Morado,N92C,0 Ausente,
15061523,5 Pigmentado con poco verde,N77A,8 Violeta,N82A,1 Verde,145A,9 Negruzco,N186C,2 Amarillo,160A,1 Blanco,155A,4 Morado,N92C,1 Blanco,NN155A
15061524,5 Pigmentado con poco verde,N77A,8 Violeta,N82C,4 Verde con abundantes puntos blancos,143C,9 Negruzco,N187A,6 Rojo,187D,2 Crema,155A,4 Morado,N92D,0 Ausente,
15061525,3 Verde con muchas manchas,144A,8 Violeta,83A,2 Verde con pocos puntos blancos,145A,8 Morado,N77B,2 Amarillo,160A,1 Blanco,155A,4 Morado,90C,1 Blanco,NN155D
15061526,5 Pigmentado con poco verde,N77A,7 Morado,90C,4 Verde con abundantes puntos blancos,144A,7 Rojo-morado,187A,2 Amarillo,161A,2 Crema,160C,4 Morado,92C,0 Ausente,
15061527,5 Pigmentado con poco verde,N77A,7 Morado,N87C,4 Verde con abundantes puntos blancos,146B,7 Rojo-morado,187A,0 Ausente,,2 Crema,160D,4 Morado,N88B,1 Blanco,NN155B
15061528,7 Morado,200A,7 Morado,N82A,2 Verde con pocos puntos blancos,144B,6 Rojo,183C,8 Morado,N186C,2 Crema,160D,4 Morado,N92C,0 Ausente,
15061529,3 Verde con muchas manchas,144A,1 Blanco,155A,5 Verde con áreas pigmentadas,144B,8 Morado,N187A,0 Ausente,,2 Crema,160D,4 Morado,N92D,1 Blanco,NN155D
15061530,3 Verde con muchas manchas,144A,8 Violeta,83B,2 Verde con pocos puntos blancos,144B,8 Morado,N186C,1 Blanco-crema,164C,1 Blanco,155A,4 Morado,94B,1 Blanco,NN155A
15061533,3 Verde con muchas manchas,144A,8 Violeta,N89A,2 Verde con pocos puntos blancos,143A,8 Morado,N77A,2 Amarillo,162B,1 Blanco,155A,4 Morado,N92D,1 Blanco,NN155D
15061534,2 Verde con pocas manchas,144A,7 Morado,N82B,4 Verde con abundantes puntos blancos,146B,8 Morado,N186B,0 Ausente,,4 Amarillo,160A,4 Morado,90A,0 Ausente,
15061535,4 Pigmentado con abundante verde,N77A,7 Morado,N87B,2 Verde con pocos puntos blancos,144A,7 Rojo-morado,183A,2 Amarillo,162B,2 Crema,160D,4 Morado,N92C,1 Blanco,NN155D
15061536,5 Pigmentado con poco verde,N77A,7 Morado,N81A,1 Verde,N144A,9 Negruzco,N186A,2 Amarillo,162B,1 Blanco,155A,4 Morado,N92C,1 Blanco,NN155D
15061537,2 Verde con pocas manchas,144A,1 Blanco,155A,1 Verde,144C,5 Rosado,182B,1 Blanco-crema,163D,3 Amarillo claro,160C,4 Morado,90D,1 Blanco,NN155A
15062126,5 Pigmentado con poco verde,N77A,7 Morado,86C,5 Verde con áreas pigmentadas,N144A,9 Negruzco,N187A,2 Amarillo,161B,2 Crema,160D,4 Morado,N92C,1 Blanco,NN155D
15061538,5 Pigmentado con poco verde,N77A,8 Violeta,83C,5 Verde con áreas pigmentadas,N144,9 Negruzco,N187A,2 Amarillo,162A,1 Blanco,155A,4 Morado,90D,1 Blanco,NN155A
15061539,3 Verde con muchas manchas,144A,8 Violeta,N82A,5 Verde con áreas pigmentadas,144A,2 Amarillo,161A,8 Morado,N79A,2 Crema,160D,4 Morado,90B,1 Blanco,NN155D
15061540,2 Verde con pocas manchas,144A,8 Violeta,N82A,5 Verde con áreas pigmentadas,145A,2 Amarillo,162B,6 Rojo,178B,2 Crema,160D,4 Morado,N92C,0 Ausente,
15061542,2 Verde con pocas manchas,144A,7 Morado,N81C,4 Verde con abundantes puntos blancos,146B,7 Rojo-morado,187A,2 Amarillo,162B,3 Amarillo claro,160D,4 Morado,N87B,1 Blanco,NN155C
15061543,1 Verde,144A,7 Morado,N81B,1 Verde,144B,6 Rojo,183C,2 Amarillo,162B,3 Amarillo claro,160D,4 Morado,N92D,1 Blanco,NN155A
15061544,5 Pigmentado con poco verde,N77A,7 Morado,N81D,6 Verde con bandas pigmentadas,146B,8 Morado,187A,2 Amarillo,162A,1 Blanco,155C,4 Morado,N92D,1 Blanco,NN155A
15061546,4 Pigmentado con abundante verde,N77A,8 Violeta,N81B,2 Verde con pocos puntos blancos,144A,8 Morado,N186A,2 Amarillo,162B,1 Blanco,155A,4 Morado,N92D,1 Blanco,NN155D
15061548,3 Verde con muchas manchas,144A,7 Morado,N81A,5 Verde con áreas pigmentadas,144A,6 Rojo,187B,0 Ausente,,2 Crema,160C,4 Morado,N81B,1 Blanco,NN155D
15061549,3 Verde con muchas manchas,137C,7 Morado,N81A,2 Verde con pocos puntos blancos,143A,8 Morado,N187A,2 Amarillo,162C,2 Crema,160D,4 Morado,N92C,1 Blanco,NN155A
15061550,5 Pigmentado con poco verde,N77A,7 Morado,N87D,4 Verde con abundantes puntos blancos,144A,7 Rojo-morado,187A,2 Amarillo,160A,2 Crema,160C,4 Morado,N92D,1 Blanco,NN155D
15061551,2 Verde con pocas manchas,144A,7 Morado,N81B,.,.,2 Amarillo,162B,5 Rosado,182B,1 Blanco,155A,3 Rojo,N78B,1 Blanco,NN155A
15061552,2 Verde con pocas manchas,144A,7 Morado,N81D,1 Verde,144A,6 Rojo,183B,0 Ausente,,3 Amarillo claro,160C,3 Rojo,N78A,1 Blanco,NN155D
15061553,2 Verde con pocas manchas,144A,7 Morado,92C,4 Verde con abundantes puntos blancos,144A,6 Rojo,184B,0 Ausente,00,4 Amarillo,160D,4 Morado,N92D,1 Blanco,NN155D
15061554,2 Verde con pocas manchas,137A,7 Morado,N82C,4 Verde con abundantes puntos blancos,144A,1 Blanco-crema,164C,6 Rojo,N77B,2 Crema,160B,4 Morado,86B,1 Blanco,NN155D
15061555,2 Verde con pocas manchas,137A,7 Morado,92B,4 Verde con abundantes puntos blancos,144A,5 Rosado,181B,2 Amarillo,160B,2 Crema,160D,4 Morado,N92C,1 Blanco,NN155D
15061556,2 Verde con pocas manchas,144A,7 Morado,N82A,5 Verde con áreas pigmentadas,144A,2 Amarillo,160A,5 Rosado,181D,1 Blanco,155A,4 Morado,N87C,1 Blanco,NN155A
15061956,5 Pigmentado con poco verde,N77A,7 Morado,N82C,5 Verde con áreas pigmentadas,144A,7 Rojo-morado,183A,0 Ausente,,4 Amarillo,160C,4 Morado,N92D,1 Blanco,NN155A
15061957,2 Verde con pocas manchas,144A,7 Morado,N87D,5 Verde con áreas pigmentadas,146B,6 Rojo,183C,0 Ausente,,2 Crema,155A,4 Morado,N82A,1 Blanco,NN155D
15061557,2 Verde con pocas manchas,144A,7 Morado,N87C,2 Verde con pocos puntos blancos,146B,6 Rojo,184A,2 Amarillo,160A,2 Crema,160D,4 Morado,N92C,0 Ausente,
15061560,2 Verde con pocas manchas,144A,7 Morado,N82C,2 Verde con pocos puntos blancos,144B,6 Rojo,184A,3 Anaranjado,174B,2 Crema,160D,4 Morado,N92D,1 Blanco,NN155D
15061561,1 Verde,144A,7 Morado,N82A,1 Verde,144A,2 Amarillo,160A,8 Morado,N77B,2 Crema,160D,4 Morado,75A,1 Blanco,NN155A
15061563,2 Verde con pocas manchas,144A,8 Violeta,N88B,1 Verde,144A,2 Amarillo,162A,7 Rojo-morado,187A,2 Crema,160D,4 Morado,N92C,1 Blanco,NN155A
15061564,2 Verde con pocas manchas,144A,7 Morado,N82C,1 Verde,143A,7 Rojo-morado,168A,2 Amarillo,160A,2 Crema,155A,4 Morado,N81A,1 Blanco,NN155A
15061565,2 Verde con pocas manchas,137A,7 Morado,N82B,4 Verde con abundantes puntos blancos,146A,5 Rosado,184A,2 Amarillo,161C,4 Amarillo,160C,3 Rojo,N78B,1 Blanco,NN155D
15061566,5 Pigmentado con poco verde,N77A,8 Violeta,N87B,6 Verde con bandas pigmentadas,146B,9 Negruzco,N186A,1 Blanco-crema,160A,1 Blanco,155A,4 Morado,N92D,1 Blanco,NN155A
15061567,1 Verde,144A,7 Morado,N80C,2 Verde con pocos puntos blancos,144B,2 Amarillo,162A,6 Rojo,176B,3 Amarillo claro,160C,3 Rojo,N78A,1 Blanco,NN155A
15061568,2 Verde con pocas manchas,144A,7 Morado,N82A,1 Verde,144A,2 Amarillo,160A,6 Rojo,181A,2 Crema,160D,4 Morado,N82B,1 Blanco,NN155A
15061571,3 Verde con muchas manchas,144A,7 Morado,N82C,1 Verde,N144A,6 Rojo,184B,3 Anaranjado,165D,1 Blanco,155A,4 Morado,N81B,1 Blanco,NN155D
15061958,2 Verde con pocas manchas,144A,7 Morado,N82D,5 Verde con áreas pigmentadas,145B,2 Amarillo,162A,5 Rosado,182A,2 Crema,160D,3 Rojo,N78B,1 Blanco,NN155A
15061575,3 Verde con muchas manchas,137C,8 Violeta,86B,5 Verde con áreas pigmentadas,144B,6 Rojo,185B,0 Ausente,,3 Amarillo claro,160D,4 Morado,N92C,0 Ausente,
15062130,2 Verde con pocas manchas,144A,7 Morado,83D,2 Verde con pocos puntos blancos,N144A,6 Rojo,184A,2 Amarillo,161A,2 Crema,155A,3 Rojo,71A,1 Blanco,NN155D
15061576,3 Verde con muchas manchas,137C,7 Morado,N87D,1 Verde,144A,1 Blanco-crema,160B,8 Morado,N77B,2 Crema,160D,4 Morado,N92D,1 Blanco,NN155A
15061577,3 Verde con muchas manchas,144A,7 Morado,N82A,1 Verde,144A,8 Morado,N187A,1 Blanco-crema,162A,3 Amarillo claro,160C,4 Morado,N92C,1 Blanco,NN155A
15061578,7 Morado,200A,7 Morado,N82C,1 Verde,144A,8 Morado,N186C,2 Amarillo,161B,2 Crema,155A,4 Morado,N81A,1 Blanco,NN155A
15061579,5 Pigmentado con poco verde,N77A,7 Morado,N82A,1 Verde,145A,8 Morado,N186C,1 Blanco-crema,160A,2 Crema,155A,4 Morado,N92D,1 Blanco,NN155A
15062356,3 Verde con muchas manchas,137A,7 Morado,N87C,4 Verde con abundantes puntos blancos,143C,9 Negruzco,N186A,0 Ausente,,4 Amarillo,160C,4 Morado,N92C,1 Blanco,NN155D
15061580,3 Verde con muchas manchas,137A,7 Morado,91A,5 Verde con áreas pigmentadas,144B,7 Rojo-morado,187A,2 Amarillo,160A,2 Crema,160D,4 Morado,N92C,1 Blanco,NN155A
15061583,1 Verde,144A,7 Morado,N87C,5 Verde con áreas pigmentadas,144A,8 Morado,N77D,1 Blanco-crema,160D,1 Blanco,155A,4 Morado,90D,1 Blanco,NN155D
15061584,2 Verde con pocas manchas,144A,7 Morado,N82A,5 Verde con áreas pigmentadas,144B,6 Rojo,181B,2 Amarillo,162B,2 Crema,155A,4 Morado,N81B,1 Blanco,NN155A
15061585,3 Verde con muchas manchas,137C,7 Morado,N81D,.,.,8 Morado,N77A,1 Blanco-crema,162D,1 Blanco,155C,4 Morado,N92D,1 Blanco,NN155A
15061586,1 Verde,144A,7 Morado,N82D,1 Verde,144B,2 Amarillo,160A,5 Rosado,181C,1 Blanco,155C,3 Rojo,N74A,1 Blanco,NN155B
15061588,2 Verde con pocas manchas,137A,8 Violeta,83C,5 Verde con áreas pigmentadas,144A,7 Rojo-morado,183B,1 Blanco-crema,161B,2 Crema,160D,4 Morado,N92C,1 Blanco,NN155A
15062133,7 Morado,200A,8 Violeta,N82A,4 Verde con abundantes puntos blancos,144A,6 Rojo,183B,0 Ausente,,2 Crema,155A,4 Morado,N92C,0 Ausente,
15061600,2 Verde con pocas manchas,144A,7 Morado,N80C,5 Verde con áreas pigmentadas,144A,6 Rojo,183B,2 Amarillo,162C,3 Amarillo claro,160D,4 Morado,N82C,1 Blanco,NN155D
15061601,5 Pigmentado con poco verde,N77A,8 Violeta,86A,1 Verde,146A,6 Rojo,157B,8 Morado,186B,3 Amarillo claro,160C,4 Morado,N92C,1 Blanco,NN155D
15061602,2 Verde con pocas manchas,144A,7 Morado,N88D,1 Verde,143A,6 Rojo,184A,0 Ausente,00,3 Amarillo claro,160C,4 Morado,86A,1 Blanco,NN155D
15061603,7 Morado,200A,8 Violeta,83C,1 Verde,144B,9 Negruzco,N186A,2 Amarillo,160A,1 Blanco,155C,4 Morado,N92B,1 Blanco,NN155D
15061604,1 Verde,144A,7 Morado,90C,1 Verde,143B,6 Rojo,187C,0 Ausente,,3 Amarillo claro,160D,3 Rojo,71B,0 Ausente,
15061605,2 Verde con pocas manchas,144A,7 Morado,N82C,1 Verde,144B,2 Amarillo,160A,5 Rosado,186B,2 Crema,157B,4 Morado,N82B,1 Blanco,NN155D
15061608,3 Verde con muchas manchas,144A,6 Lila,N78 C,1 Verde,143A,2 Amarillo,160C,8 Morado,186A,2 Crema,160C,4 Morado,83A,1 Blanco,NN155A
15061609,7 Morado,200A,7 Morado,N82A,6 Verde con bandas pigmentadas,144A,8 Morado,187A,1 Blanco-crema,160A,1 Blanco,155A,4 Morado,N92C,1 Blanco,NN155D
15061610,3 Verde con muchas manchas,137A,7 Morado,83B,6 Verde con bandas pigmentadas,144B,8 Morado,N77A,1 Blanco-crema,160A,2 Crema,155A,4 Morado,N92C,1 Blanco,NN155A
15061612,5 Pigmentado con poco verde,N77A,7 Morado,N82A,4 Verde con abundantes puntos blancos,144A,2 Amarillo,162B,8 Morado,83A,1 Blanco,155A,4 Morado,N92D,1 Blanco,NN155C
15061613,2 Verde con pocas manchas,144A,7 Morado,N82B,5 Verde con áreas pigmentadas,143B,8 Morado,183D,1 Blanco-crema,161D,2 Crema,NN155A,4 Morado,N92D,1 Blanco,NN155D
15061960,7 Morado,200A,4 Celeste,92A,2 Verde con pocos puntos blancos,144A,9 Negruzco,N186A,0 Ausente,,2 Crema,160D,4 Morado,N92C,1 Blanco,NN155A
15061614,2 Verde con pocas manchas,144A,6 Lila,N82B,4 Verde con abundantes puntos blancos,144A,7 Rojo-morado,178A,1 Blanco-crema,163D,2 Crema,155A,4 Morado,83A,1 Blanco,NN155D
15061961,7 Morado,200A,8 Violeta,83C,5 Verde con áreas pigmentadas,N144A,7 Rojo-morado,187A,2 Amarillo,162B,1 Blanco,155A,4 Morado,N92C,1 Blanco,NN155D
15062136,7 Morado,200A,7 Morado,N81A,2 Verde con pocos puntos blancos,N145A,6 Rojo,187B,0 Ausente,,4 Amarillo,160B,4 Morado,N92D,3 Rojo,72A
15062137,7 Morado,200A,7 Morado,N82A,6 Verde con bandas pigmentadas,144A,8 Morado,N186C,1 Blanco-crema,162B,2 Crema,155A,4 Morado,N81A,1 Blanco,NN155A
15061619,4 Pigmentado con abundante verde,N77A,7 Morado,N82A,5 Verde con áreas pigmentadas,143A,8 Morado,N186B,1 Blanco-crema,162B,2 Crema,160D,4 Morado,72A,1 Blanco,NN155D
15061621,3 Verde con muchas manchas,144A,6 Lila,N78 A,5 Verde con áreas pigmentadas,N144A,6 Rojo,183C,0 Ausente,,3 Amarillo claro,160C,4 Morado,77A,1 Blanco,NN155A
15061622,2 Verde con pocas manchas,144A,7 Morado,92A,2 Verde con pocos puntos blancos,144A,2 Amarillo,162A,8 Morado,N77A,2 Crema,160D,4 Morado,N92C,1 Blanco,NN155D
15061623,3 Verde con muchas manchas,144A,7 Morado,90A,4 Verde con abundantes puntos blancos,144B,6 Rojo,178B,2 Amarillo,160A,2 Crema,155A,4 Morado,N92C,1 Blanco,NN155D
15061624,7 Morado,200A,7 Morado,90A,4 Verde con abundantes puntos blancos,144A,6 Rojo,182A,2 Amarillo,160A,2 Crema,155A,4 Morado,N81A,1 Blanco,NN155A
15062138,4 Pigmentado con abundante verde,N77A,7 Morado,N82A,1 Verde,N144A,8 Morado,N186A,1 Blanco-crema,161A,2 Crema,155C,4 Morado,N92B,1 Blanco,NN155A
15061626,4 Pigmentado con abundante verde,N77A,7 Morado,83B,1 Verde,144A,8 Morado,N186A,2 Amarillo,160A,2 Crema,155A,4 Morado,N92C,1 Blanco,NN155D
15061627,3 Verde con muchas manchas,144A,7 Morado,N88D,5 Verde con áreas pigmentadas,N144B,3 Anaranjado,174C,8 Morado,N79B,2 Crema,155A,4 Morado,N82B,1 Blanco,NN155D
15061628,3 Verde con muchas manchas,144A,1 Blanco,155A,1 Verde,N144A,2 Amarillo,161B,8 Morado,79B,2 Crema,160D,4 Morado,90A,1 Blanco,NN155D
15061629,4 Pigmentado con abundante verde,N77A,7 Morado,N82C,5 Verde con áreas pigmentadas,N144B,2 Amarillo,162B,5 Rosado,178A,2 Crema,155A,4 Morado,N92C,1 Blanco,NN155D
15061630,4 Pigmentado con abundante verde,N77A,7 Morado,N87A,4 Verde con abundantes puntos blancos,143C,9 Negruzco,N186B,0 Ausente,,4 Amarillo,160A,4 Morado,N92C,1 Blanco,NN155D
15061631,4 Pigmentado con abundante verde,N77A,7 Morado,N82A,5 Verde con áreas pigmentadas,144B,9 Negruzco,N186B,2 Amarillo,162A,1 Blanco,155A,4 Morado,N92B,1 Blanco,NN155A
15061632,2 Verde con pocas manchas,144A,7 Morado,N82A,4 Verde con abundantes puntos blancos,144A,6 Rojo,183B,0 Ausente,,2 Crema,155A,3 Rojo,71B,1 Blanco,NN155D
15062139,3 Verde con muchas manchas,144A,7 Morado,83C,5 Verde con áreas pigmentadas,144A,6 Rojo,187B,2 Amarillo,162A,1 Blanco,155A,3 Rojo,N78B,0 Ausente,
15061633,5 Pigmentado con poco verde,N77A,7 Morado,N87B,6 Verde con bandas pigmentadas,144A,8 Morado,161B,1 Blanco-crema,161B,2 Crema,155A,4 Morado,90B,1 Blanco,NN155A
15061962,2 Verde con pocas manchas,144A,7 Morado,N82B,1 Verde,144A,2 Amarillo,161A,5 Rosado,182B,2 Crema,155A,4 Morado,N80B,1 Blanco,NN155A
15061637,3 Verde con muchas manchas,143A,7 Morado,N82A,2 Verde con pocos puntos blancos,N144A,2 Amarillo,161A,6 Rojo,183D,2 Crema,160D,4 Morado,N92C,1 Blanco,NN155D
15061638,1 Verde,144A,7 Morado,90D,2 Verde con pocos puntos blancos,144A,2 Amarillo,161A,5 Rosado,183D,3 Amarillo claro,160C,4 Morado,N92D,1 Blanco,NN155D
15061639,3 Verde con muchas manchas,137C,7 Morado,N82C,1 Verde,144A,7 Rojo-morado,N79B,2 Amarillo,160D,1 Blanco,155A,4 Morado,N82A,1 Blanco,NN155D
15061640,5 Pigmentado con poco verde,N77A,8 Violeta,90A,4 Verde con abundantes puntos blancos,144A,9 Negruzco,N186A,2 Amarillo,162C,3 Amarillo claro,160D,4 Morado,N92C,1 Blanco,NN155D
15061641,3 Verde con muchas manchas,144A,7 Morado,N82B,1 Verde,144A,7 Rojo-morado,N79B,1 Blanco-crema,160B,1 Blanco,155B,4 Morado,N87C,1 Blanco,NN155D
15061642,3 Verde con muchas manchas,144A,7 Morado,N82B,5 Verde con áreas pigmentadas,144A,4 Marrón,176B,8 Morado,N77B,2 Crema,160D,4 Morado,N92C,1 Blanco,NN155A
15061645,7 Morado,200A,7 Morado,N82B,4 Verde con abundantes puntos blancos,N144A,9 Negruzco,N186A,2 Amarillo,162B,3 Amarillo claro,160D,4 Morado,N92B,1 Blanco,NN155D
15061963,7 Morado,200A,7 Morado,N82A,5 Verde con áreas pigmentadas,143B,8 Morado,N186B,1 Blanco-crema,162B,2 Crema,155A,4 Morado,N79D,0 Ausente,
15061646,3 Verde con muchas manchas,144A,1 Blanco,155A,1 Verde,144A,8 Morado,182B,1 Blanco-crema,161C,2 Crema,160C,4 Morado,N92C,1 Blanco,NN155D
15061647,2 Verde con pocas manchas,144A,7 Morado,92A,2 Verde con pocos puntos blancos,144A,2 Amarillo,162A,8 Morado,N79B,2 Crema,155A,4 Morado,N92B,1 Blanco,NN155A
15061648,3 Verde con muchas manchas,143A,8 Violeta,N82A,1 Verde,144B,9 Negruzco,N186B,2 Amarillo,164C,2 Crema,160D,4 Morado,N92C,0 Ausente,
15061649,2 Verde con pocas manchas,144A,7 Morado,90D,5 Verde con áreas pigmentadas,143B,8 Morado,N79B,1 Blanco-crema,161A,2 Crema,160D,4 Morado,N92D,1 Blanco,NN155D
15061650,2 Verde con pocas manchas,144A,7 Morado,92A,5 Verde con áreas pigmentadas,144B,1 Blanco-crema,160A,0 Ausente,00,3 Amarillo claro,160B,4 Morado,N92D,1 Blanco,NN155A
15061651,2 Verde con pocas manchas,143B,8 Violeta,N82A,2 Verde con pocos puntos blancos,N144A,8 Morado,N79B,1 Blanco-crema,161A,2 Crema,155A,4 Morado,N92D,1 Blanco,NN155A
15061653,2 Verde con pocas manchas,144A,7 Morado,N80B,4 Verde con abundantes puntos blancos,144A,2 Amarillo,161A,6 Rojo,182A,3 Amarillo claro,160C,3 Rojo,N78B,1 Blanco,NN155D
15061654,2 Verde con pocas manchas,144A,7 Morado,N82A,5 Verde con áreas pigmentadas,144A,8 Morado,N77D,1 Blanco-crema,165D,1 Blanco,155A,4 Morado,N92D,1 Blanco,NN155A
15061655,2 Verde con pocas manchas,144A,7 Morado,N88D,4 Verde con abundantes puntos blancos,144B,2 Amarillo,162A,0 Ausente,00,3 Amarillo claro,160D,4 Morado,N81A,1 Blanco,NN155A
15061656,3 Verde con muchas manchas,143A,7 Morado,N88D,5 Verde con áreas pigmentadas,143B,8 Morado,N77B,1 Blanco-crema,161C,2 Crema,155A,4 Morado,86B,1 Blanco,NN155B
15061658,3 Verde con muchas manchas,143A,7 Morado,N87C,1 Verde,144A,8 Morado,N77B,1 Blanco-crema,162C,2 Crema,155A,4 Morado,N92D,1 Blanco,NN155D
15061659,3 Verde con muchas manchas,137C,7 Morado,N82A,1 Verde,144A,8 Morado,N77B,1 Blanco-crema,162B,2 Crema,155A,4 Morado,83C,1 Blanco,NN155D
15061661,2 Verde con pocas manchas,144A,7 Morado,N82D,5 Verde con áreas pigmentadas,143A,8 Morado,N77B,1 Blanco-crema,162B,2 Crema,155C,4 Morado,90A,1 Blanco,NN155D
15061662,5 Pigmentado con poco verde,N77A,7 Morado,90C,.,.,8 Morado,N77A,2 Amarillo,160A,1 Blanco,155C,4 Morado,N92D,1 Blanco,NN155A
15062357,5 Pigmentado con poco verde,N77A,7 Morado,N82A,6 Verde con bandas pigmentadas,144B,8 Morado,N186C,2 Amarillo,162B,1 Blanco,155C,3 Rojo,N92C,1 Blanco,NN155A
15062142,2 Verde con pocas manchas,144A,7 Morado,N82A,5 Verde con áreas pigmentadas,N144A,2 Amarillo,162B,5 Rosado,182A,2 Crema,155A,4 Morado,N81B,1 Blanco,NN155A
15061665,2 Verde con pocas manchas,144A,7 Morado,N82A,5 Verde con áreas pigmentadas,144A,2 Amarillo,164C,6 Rojo,182A,2 Crema,160D,4 Morado,N81C,0 Ausente,
15061666,4 Pigmentado con abundante verde,N77A,7 Morado,N81A,1 Verde,144B,1 Blanco-crema,161B,8 Morado,N186B,2 Crema,155A,4 Morado,86A,1 Blanco,NN155A
15061668,2 Verde con pocas manchas,144A,7 Morado,N87B,5 Verde con áreas pigmentadas,N144A,2 Amarillo,161A,6 Rojo,183C,3 Amarillo claro,160D,3 Rojo,N78A,1 Blanco,NN155D
15062143,4 Pigmentado con abundante verde,N77A,7 Morado,N88B,4 Verde con abundantes puntos blancos,144A,6 Rojo,183C,0 Ausente,,2 Crema,160D,4 Morado,N92C,1 Blanco,NN155A
15061667,4 Pigmentado con abundante verde,N77A,7 Morado,N88C,4 Verde con abundantes puntos blancos,143C,6 Rojo,178A,0 Ausente,,2 Crema,160D,4 Morado,N92C,0 Ausente,
15061669,2 Verde con pocas manchas,144A,7 Morado,N80B,5 Verde con áreas pigmentadas,146C,2 Amarillo,162A,6 Rojo,181A,2 Crema,155A,3 Rojo,N78B,1 Blanco,NN155D
15061670,2 Verde con pocas manchas,144A,7 Morado,N81A,1 Verde,143A,7 Rojo-morado,183C,0 Ausente,00,2 Crema,155A,3 Rojo,N81A,1 Blanco,NN155A
15061671,2 Verde con pocas manchas,144A,7 Morado,N80B,1 Verde,144A,6 Rojo,183A,0 Ausente,,3 Amarillo claro,160C,3 Rojo,N78A,1 Blanco,NN155D
15061673,4 Pigmentado con abundante verde,N77A,7 Morado,N82B,6 Verde con bandas pigmentadas,146B,7 Rojo-morado,187D,0 Ausente,00,2 Crema,155A,4 Morado,N81B,1 Blanco,NN155D
15061676,2 Verde con pocas manchas,144A,7 Morado,86B,6 Verde con bandas pigmentadas,143B,6 Rojo,183C,1 Blanco-crema,161B,2 Crema,160D,4 Morado,N92D,1 Blanco,NN155D
15061677,7 Morado,200A,7 Morado,N80B,6 Verde con bandas pigmentadas,144A,9 Negruzco,N187A,1 Blanco-crema,161B,1 Blanco,155A,4 Morado,N92D,1 Blanco,NN155D
15061678,7 Morado,200A,7 Morado,N81A,1 Verde,N144A,9 Negruzco,N187A,1 Blanco-crema,161A,2 Crema,160D,4 Morado,N92D,0 Ausente,
15061679,4 Pigmentado con abundante verde,N77A,7 Morado,N81A,5 Verde con áreas pigmentadas,N144B,6 Rojo,183B,0 Ausente,,3 Amarillo claro,160D,4 Morado,N92C,0 Ausente,
15061680,3 Verde con muchas manchas,137C,7 Morado,N81A,6 Verde con bandas pigmentadas,144B,7 Rojo-morado,183A,2 Amarillo,160C,2 Crema,155A,4 Morado,N81A,1 Blanco,NN155B
15061682,3 Verde con muchas manchas,137C,7 Morado,91A,4 Verde con abundantes puntos blancos,144C,2 Amarillo,161A,7 Rojo-morado,184B,2 Crema,160D,4 Morado,N92C,1 Blanco,NN155A
15061683,4 Pigmentado con abundante verde,N77A,7 Morado,N82A,6 Verde con bandas pigmentadas,N144C,6 Rojo,184A,0 Ausente,,2 Crema,155A,4 Morado,N92D,1 Blanco,NN155D
15061684,2 Verde con pocas manchas,144A,7 Morado,N87D,6 Verde con bandas pigmentadas,146B,8 Morado,178A,1 Blanco-crema,174C,2 Crema,155A,4 Morado,N92B,1 Blanco,NN155D
15061685,3 Verde con muchas manchas,137C,7 Morado,N82B,1 Verde,144C,6 Rojo,183C,0 Ausente,,4 Amarillo,160C,4 Morado,N92B,1 Blanco,NN155D
15061686,3 Verde con muchas manchas,137C,7 Morado,N81A,5 Verde con áreas pigmentadas,N144A,7 Rojo-morado,N186C,2 Amarillo,161A,2 Crema,160D,4 Morado,N92C,1 Blanco,NN155A
15061687,2 Verde con pocas manchas,144A,7 Morado,N82A,5 Verde con áreas pigmentadas,144A,9 Negruzco,N186A,3 Anaranjado,182B,2 Crema,155A,4 Morado,90A,1 Blanco,NN155D
15061702,7 Morado,200A,.,..,2 Verde con pocos puntos blancos,146B,9 Negruzco,186A,2 Amarillo,161B,2 Crema,160D,4 Morado,N92B,1 Blanco,NN155D
15061688,3 Verde con muchas manchas,144A,7 Morado,N82A,5 Verde con áreas pigmentadas,144A,7 Rojo-morado,187A,2 Amarillo,161A,2 Crema,160D,4 Morado,93A,1 Blanco,NN155C
15062144,5 Pigmentado con poco verde,N77A,7 Morado,N82B,6 Verde con bandas pigmentadas,143B,8 Morado,N186C,1 Blanco-crema,160A,1 Blanco,160D,4 Morado,93A,1 Blanco,NN155D
15061689,7 Morado,200A,7 Morado,N81A,1 Verde,N144A,9 Negruzco,N186B,2 Amarillo,161B,2 Crema,160D,3 Rojo,71A,1 Blanco,NN155D
15061690,7 Morado,200A,7 Morado,N81A,1 Verde,144A,9 Negruzco,N186A,2 Amarillo,161B,3 Amarillo claro,160D,4 Morado,N92D,1 Blanco,NN155A
15062145,4 Pigmentado con abundante verde,N77A,7 Morado,N82A,5 Verde con áreas pigmentadas,144A,8 Morado,N186B,2 Amarillo,161A,3 Amarillo claro,160D,4 Morado,N92B,1 Blanco,NN155D
15061704,3 Verde con muchas manchas,144A,4 Celeste,97A,6 Verde con bandas pigmentadas,N144B,7 Rojo-morado,187A,2 Amarillo,162A,2 Crema,155A,4 Morado,N92B,1 Blanco,NN155A
15061705,3 Verde con muchas manchas,143A,7 Morado,N82A,1 Verde,144B,2 Amarillo,165C,8 Morado,N186A,2 Crema,160D,4 Morado,N92C,0 Ausente,
15061706,1 Verde,144A,1 Blanco,155A,1 Verde,144A,2 Amarillo,160C,0 Ausente,,2 Crema,160D,4 Morado,N87B,1 Blanco,NN155D
15061707,4 Pigmentado con abundante verde,N77A,7 Morado,90A,6 Verde con bandas pigmentadas,144A,8 Morado,186B,0 Ausente,,2 Crema,160D,4 Morado,N92D,1 Blanco,NN155D
15062146,4 Pigmentado con abundante verde,N77A,7 Morado,90B,4 Verde con abundantes puntos blancos,145A,9 Negruzco,186A,0 Ausente,,4 Amarillo,160B,4 Morado,N92C,1 Blanco,NN155D
15061709,2 Verde con pocas manchas,144A,7 Morado,N81A,1 Verde,N144A,2 Amarillo,162A,6 Rojo,181A,2 Crema,155A,3 Rojo,71A,1 Blanco,NN155B
15061710,4 Pigmentado con abundante verde,N77A,7 Morado,N81B,4 Verde con abundantes puntos blancos,N144A,9 Negruzco,N186A,0 Ausente,,4 Amarillo,160A,4 Morado,N92C,1 Blanco,NN155D
15061712,3 Verde con muchas manchas,144A,7 Morado,N82A,4 Verde con abundantes puntos blancos,144A,8 Morado,N186B,2 Amarillo,160A,2 Crema,160D,3 Rojo,N92D,1 Blanco,NN155A
15062369,4 Pigmentado con abundante verde,N77A,7 Morado,N88B,2 Verde con pocos puntos blancos,144A,6 Rojo,183A,0 Ausente,,1 Blanco,160D,3 Rojo,N78B,1 Blanco,NN155D
15061713,2 Verde con pocas manchas,144A,7 Morado,N88D,2 Verde con pocos puntos blancos,146B,2 Amarillo,162A,8 Morado,N799B,2 Crema,162D,4 Morado,N92C,1 Blanco,NN155A
15061714,4 Pigmentado con abundante verde,N77A,7 Morado,86B,4 Verde con abundantes puntos blancos,144A,6 Rojo,157C,0 Ausente,,2 Crema,155A,3 Rojo,72A,1 Blanco,NN155D
15062147,3 Verde con muchas manchas,144A,7 Morado,86A,2 Verde con pocos puntos blancos,N144A,6 Rojo,181A,0 Ausente,,2 Crema,155A,3 Rojo,72A,1 Blanco,NN155D
15061717,4 Pigmentado con abundante verde,N77A,7 Morado,92A,2 Verde con pocos puntos blancos,144A,8 Morado,N77A,1 Blanco-crema,177C,2 Crema,160D,4 Morado,N92B,1 Blanco,NN155A
15061718,3 Verde con muchas manchas,137C,7 Morado,91A,.,.,8 Morado,N186B,2 Amarillo,161B,2 Crema,155A,4 Morado,88A,1 Blanco,NN155D
15061964,2 Verde con pocas manchas,144A,1 Blanco,155A,5 Verde con áreas pigmentadas,144A,8 Morado,182B,1 Blanco-crema,162B,4 Amarillo,160D,4 Morado,N92C,1 Blanco,NN155A
15061719,2 Verde con pocas manchas,144A,1 Blanco,155A,5 Verde con áreas pigmentadas,145A,8 Morado,183D,1 Blanco-crema,165D,3 Amarillo claro,160C,4 Morado,N92B,1 Blanco,NN155D
15061720,3 Verde con muchas manchas,137A,7 Morado,86B,2 Verde con pocos puntos blancos,143B,6 Rojo,183C,0 Ausente,,2 Crema,160D,3 Rojo,72B,1 Blanco,NN155D
15062358,5 Pigmentado con poco verde,N77A,7 Morado,N82A,1 Verde,143B,8 Morado,N186B,1 Blanco-crema,162A,2 Crema,160D,4 Morado,N81A,1 Blanco,NN155A
15061721,3 Verde con muchas manchas,137D,7 Morado,N81B,1 Verde,N144A,6 Rojo,178A,0 Ausente,,2 Crema,160D,4 Morado,77A,1 Blanco,NN155D
15061722,1 Verde,144A,7 Morado,86C,5 Verde con áreas pigmentadas,N144A,7 Rojo-morado,187A,2 Amarillo,162C,2 Crema,155A,4 Morado,N81B,1 Blanco,NN155A
15061723,4 Pigmentado con abundante verde,N77A,7 Morado,N82A,5 Verde con áreas pigmentadas,144B,6 Rojo,184A,1 Blanco-crema,161B,2 Crema,160D,3 Rojo,72B,1 Blanco,NN155D
15061724,5 Pigmentado con poco verde,N77A,7 Morado,N82A,2 Verde con pocos puntos blancos,N144A,1 Blanco-crema,164D,8 Morado,N77D,2 Crema,160D,4 Morado,90C,1 Blanco,NN155D
15062149,4 Pigmentado con abundante verde,N77A,7 Morado,N82A,4 Verde con abundantes puntos blancos,143A,6 Rojo,183B,0 Ausente,,2 Crema,160D,3 Rojo,72B,1 Blanco,NN155D
15061725,4 Pigmentado con abundante verde,N77A,7 Morado,N82A,4 Verde con abundantes puntos blancos,144A,6 Rojo,187C,0 Ausente,,2 Crema,155A,3 Rojo,N78A,1 Blanco,NN155D
15061726,5 Pigmentado con poco verde,N77A,7 Morado,N82A,1 Verde,144A,6 Rojo,187C,0 Ausente,,4 Amarillo,160C,3 Rojo,71B,1 Blanco,NN155A
15061729,4 Pigmentado con abundante verde,N77A,7 Morado,92A,4 Verde con abundantes puntos blancos,144A,7 Rojo-morado,187B,2 Amarillo,161B,3 Amarillo claro,160D,4 Morado,N87B,1 Blanco,NN155D
15061730,4 Pigmentado con abundante verde,N77A,7 Morado,92A,4 Verde con abundantes puntos blancos,146B,8 Morado,187A,1 Blanco-crema,162B,2 Crema,160D,4 Morado,83C,1 Blanco,NN155D
15061731,4 Pigmentado con abundante verde,N77A,7 Morado,N82B,1 Verde,144B,9 Negruzco,186B,1 Blanco-crema,161B,2 Crema,160D,3 Rojo,N79C,0 Ausente,
15061733,2 Verde con pocas manchas,144A,7 Morado,N81C,1 Verde,146B,3 Anaranjado,164C,8 Morado,187A,3 Amarillo claro,160C,4 Morado,N88C,1 Blanco,NN155D
15061734,4 Pigmentado con abundante verde,N77A,7 Morado,N81A,4 Verde con abundantes puntos blancos,144A,6 Rojo,187C,0 Ausente,,2 Crema,155A,3 Rojo,N78A,1 Blanco,NN155D
15061735,1 Verde,144A,7 Morado,N82B,5 Verde con áreas pigmentadas,144C,1 Blanco-crema,161B,6 Rojo,184B,1 Blanco,155B,3 Rojo,N78A,1 Blanco,NN155A
15062150,5 Pigmentado con poco verde,N77A,7 Morado,N88B,2 Verde con pocos puntos blancos,144A,8 Morado,N186B,2 Amarillo,160A,3 Amarillo claro,155A,4 Morado,N92C,1 Blanco,NN155A
15062151,7 Morado,200A,7 Morado,N88B,2 Verde con pocos puntos blancos,144A,9 Negruzco,186A,1 Blanco-crema,162A,2 Crema,160D,4 Morado,N92C,1 Blanco,NN155A
15061736,5 Pigmentado con poco verde,N77A,7 Morado,N81C,4 Verde con abundantes puntos blancos,143C,2 Amarillo,160A,8 Morado,187A,3 Amarillo claro,160C,4 Morado,N92B,1 Blanco,NN155A
15061737,5 Pigmentado con poco verde,N77A,7 Morado,N82A,4 Verde con abundantes puntos blancos,144A,2 Amarillo,162C,8 Morado,187A,2 Crema,160D,4 Morado,N87C,1 Blanco,NN155D
15062152,5 Pigmentado con poco verde,N77A,7 Morado,N81A,1 Verde,144A,9 Negruzco,N187A,0 Ausente,,2 Crema,155A,4 Morado,87B,0 Ausente,
15061738,4 Pigmentado con abundante verde,N77A,7 Morado,N82A,1 Verde,144A,8 Morado,N187A,2 Amarillo,161A,2 Crema,160D,3 Rojo,72A,1 Blanco,NN155A
15061740,4 Pigmentado con abundante verde,N77A,7 Morado,90A,4 Verde con abundantes puntos blancos,143B,9 Negruzco,N186B,0 Ausente,,2 Crema,155A,4 Morado,N92C,1 Blanco,NN155A
15062153,2 Verde con pocas manchas,144A,7 Morado,N82A,2 Verde con pocos puntos blancos,144B,8 Morado,183C,1 Blanco-crema,161B,2 Crema,155A,4 Morado,N82A,1 Blanco,NN155A
15061742,1 Verde,144A,7 Morado,N81B,5 Verde con áreas pigmentadas,146D,2 Amarillo,161A,6 Rojo,181A,2 Crema,155A,4 Morado,N92C,0 Ausente,
15061744,1 Verde,144A,8 Violeta,90B,2 Verde con pocos puntos blancos,N144A,3 Anaranjado,164B,5 Rosado,184A,2 Crema,155A,4 Morado,90C,1 Blanco,NN155D
15061965,2 Verde con pocas manchas,144A,1 Blanco,155A,5 Verde con áreas pigmentadas,144B,8 Morado,N77B,1 Blanco-crema,174C,2 Crema,160D,4 Morado,N92C,1 Blanco,NN155A
15061747,2 Verde con pocas manchas,144A,1 Blanco,155A,5 Verde con áreas pigmentadas,144A,6 Rojo,183D,1 Blanco-crema,161C,3 Amarillo claro,160C,4 Morado,N92D,0 Ausente,
15061751,3 Verde con muchas manchas,143C,7 Morado,N88C,5 Verde con áreas pigmentadas,147B,5 Rosado,183D,1 Blanco-crema,164C,2 Crema,155A,4 Morado,90C,1 Blanco,NN155A
15061752,3 Verde con muchas manchas,137B,7 Morado,N81B,4 Verde con abundantes puntos blancos,144B,8 Morado,N79A,0 Ausente,,3 Amarillo claro,160C,4 Morado,N92C,1 Blanco,NN155D
15061753,7 Morado,200A,7 Morado,N82B,1 Verde,144B,9 Negruzco,186B,1 Blanco-crema,162C,2 Crema,155A,3 Rojo,N79C,1 Blanco,NN155D
15061754,1 Verde,144A,7 Morado,N88C,1 Verde,N144A,2 Amarillo,162A,0 Ausente,,3 Amarillo claro,160D,2 Rosado,N78C,1 Blanco,NN155A
15061755,3 Verde con muchas manchas,144A,7 Morado,85A,5 Verde con áreas pigmentadas,146B,8 Morado,N186C,0 Ausente,,3 Amarillo claro,160C,4 Morado,N92D,1 Blanco,NN155D
15061756,3 Verde con muchas manchas,137C,7 Morado,N88C,6 Verde con bandas pigmentadas,144A,8 Morado,N186C,0 Ausente,,3 Amarillo claro,160C,4 Morado,90A,1 Blanco,NN155D
15061757,4 Pigmentado con abundante verde,N77A,7 Morado,N87B,4 Verde con abundantes puntos blancos,143B,6 Rojo,187B,9 Negruzco,N186A,3 Amarillo claro,160C,4 Morado,N92C,0 Ausente,
15061758,2 Verde con pocas manchas,144A,8 Violeta,86A,4 Verde con abundantes puntos blancos,N144A,8 Morado,187A,0 Ausente,,2 Crema,160C,4 Morado,90A,1 Blanco,NN155D
15061759,3 Verde con muchas manchas,144A,7 Morado,N88A,4 Verde con abundantes puntos blancos,N144A,2 Amarillo,163C,8 Morado,N186C,3 Amarillo claro,160C,4 Morado,90A,1 Blanco,NN155D
15061760,4 Pigmentado con abundante verde,N77A,7 Morado,N82C,2 Verde con pocos puntos blancos,144B,7 Rojo-morado,183D,1 Blanco-crema,165D,3 Amarillo claro,160C,4 Morado,90D,1 Blanco,NN155D
15061761,2 Verde con pocas manchas,144A,1 Blanco,155A,1 Verde,144A,8 Morado,166B,1 Blanco-crema,N170D,3 Amarillo claro,160C,4 Morado,N92C,0 Ausente,
15061762,5 Pigmentado con poco verde,N77A,8 Violeta,N89A,2 Verde con pocos puntos blancos,146B,8 Morado,N186C,2 Amarillo,161B,2 Crema,160D,4 Morado,N92C,1 Blanco,NN155D
15061763,5 Pigmentado con poco verde,N77A,7 Morado,N87C,4 Verde con abundantes puntos blancos,143A,6 Rojo,N79A,8 Morado,186A,3 Amarillo claro,160C,4 Morado,N92C,1 Blanco,NN155D
15061764,3 Verde con muchas manchas,144A,8 Violeta,83A,5 Verde con áreas pigmentadas,144B,1 Blanco-crema,161A,8 Morado,N186C,3 Amarillo claro,160C,4 Morado,N92C,1 Blanco,NN155D
15061765,3 Verde con muchas manchas,144A,1 Blanco,155A,5 Verde con áreas pigmentadas,144B,8 Morado,N186B,0 Ausente,,2 Crema,160D,4 Morado,N92C,1 Blanco,NN155A
15061766,2 Verde con pocas manchas,144A,7 Morado,N88A,2 Verde con pocos puntos blancos,144B,2 Amarillo,162A,6 Rojo,184A,3 Amarillo claro,160D,4 Morado,N92C,0 Ausente,
15061767,2 Verde con pocas manchas,144A,7 Morado,92B,1 Verde,N144A,8 Morado,N187A,3 Anaranjado,176B,2 Crema,160C,4 Morado,N92C,1 Blanco,NN155A
15061768,3 Verde con muchas manchas,144A,7 Morado,N82A,2 Verde con pocos puntos blancos,144B,7 Rojo-morado,183D,1 Blanco-crema,161B,2 Crema,155A,4 Morado,94A,1 Blanco,NN155D
15061769,3 Verde con muchas manchas,144A,7 Morado,N80C,1 Verde,144A,6 Rojo,187C,0 Ausente,,2 Crema,155A,3 Rojo,N78A,1 Blanco,NN155D
15061771,5 Pigmentado con poco verde,N77A,7 Morado,N82A,5 Verde con áreas pigmentadas,N144A,9 Negruzco,N186B,1 Blanco-crema,161B,2 Crema,160D,4 Morado,90A,1 Blanco,NN155A
15061772,2 Verde con pocas manchas,144A,7 Morado,91A,.,.,9 Negruzco,N186A,1 Blanco-crema,161A,3 Amarillo claro,160D,4 Morado,N92C,1 Blanco,NN155D
15061773,5 Pigmentado con poco verde,N77A,7 Morado,N87D,4 Verde con abundantes puntos blancos,144A,6 Rojo,187B,0 Ausente,,3 Amarillo claro,160D,4 Morado,N92C,1 Blanco,NN155D
15061966,5 Pigmentado con poco verde,N77A,7 Morado,N88B,4 Verde con abundantes puntos blancos,144A,9 Negruzco,N186A,2 Amarillo,162B,1 Blanco,160D,4 Morado,N92C,1 Blanco,NN155D
15061776,1 Verde,144A,6 Lila,92A,2 Verde con pocos puntos blancos,144A,2 Amarillo,162A,5 Rosado,182B,1 Blanco,155A,4 Morado,N92D,1 Blanco,NN155D
15061777,5 Pigmentado con poco verde,N77A,7 Morado,N82A,2 Verde con pocos puntos blancos,N144A,6 Rojo,187A,2 Amarillo,161B,3 Amarillo claro,160C,4 Morado,N92C,1 Blanco,NN155D
15061778,7 Morado,200A,7 Morado,N82A,5 Verde con áreas pigmentadas,144A,9 Negruzco,N186B,1 Blanco-crema,162B,2 Crema,160A,4 Morado,N82A,1 Blanco,NN155D
15061784,5 Pigmentado con poco verde,N77A,7 Morado,N81A,1 Verde,144A,9 Negruzco,N186A,2 Amarillo,161B,2 Crema,160D,4 Morado,N92C,1 Blanco,NN155D
15061785,2 Verde con pocas manchas,144A,7 Morado,N88D,4 Verde con abundantes puntos blancos,143A,2 Amarillo,161A,5 Rosado,182B,2 Crema,155A,4 Morado,N82A,1 Blanco,NN155D
15062359,2 Verde con pocas manchas,144A,7 Morado,N88D,4 Verde con abundantes puntos blancos,144A,2 Amarillo,162A,6 Rojo,173A,2 Crema,160D,4 Morado,N92D,1 Blanco,NN155A
15062370,3 Verde con muchas manchas,144A,7 Morado,N88B,1 Verde,144A,8 Morado,N186A,1 Blanco-crema,161A,3 Amarillo claro,160C,4 Morado,N92C,1 Blanco,NN155A
15061788,3 Verde con muchas manchas,144A,7 Morado,90B,6 Verde con bandas pigmentadas,144A,8 Morado,N77A,6 Rojo,N79B,2 Crema,155A,4 Morado,N92C,0 Ausente,
15061967,4 Pigmentado con abundante verde,N77A,7 Morado,84A,2 Verde con pocos puntos blancos,144A,8 Morado,187A,1 Blanco-crema,162B,1 Blanco,155A,4 Morado,N92C,1 Blanco,NN155D
15061789,2 Verde con pocas manchas,144A,7 Morado,N80C,.,.,2 Amarillo,162B,5 Rosado,174B,2 Crema,155A,4 Morado,N80B,1 Blanco,NN155A
15061790,2 Verde con pocas manchas,144A,7 Morado,N81C,2 Verde con pocos puntos blancos,144B,1 Blanco-crema,161A,5 Rosado,183B,2 Crema,155A,4 Morado,N81A,1 Blanco,NN155A
15061968,1 Verde,144A,7 Morado,86C,2 Verde con pocos puntos blancos,146A,7 Rojo-morado,187A,2 Amarillo,162B,2 Crema,160D,4 Morado,N92B,1 Blanco,NN155D
15061795,4 Pigmentado con abundante verde,N77A,7 Morado,N82A,4 Verde con abundantes puntos blancos,146B,9 Negruzco,N187A,0 Ausente,,4 Amarillo,160B,4 Morado,N92D,1 Blanco,NN155D
15061797,4 Pigmentado con abundante verde,N77A,6 Lila,N82B,5 Verde con áreas pigmentadas,144A,2 Amarillo,161A,8 Morado,N186C,3 Amarillo claro,160D,1 Blanco,NN155A,4 Morado,N82A
15061798,2 Verde con pocas manchas,144A,7 Morado,92A,2 Verde con pocos puntos blancos,143A,8 Morado,183A,1 Blanco-crema,160N,2 Crema,155A,4 Morado,92B,1 Blanco,NN155D
15061799,5 Pigmentado con poco verde,N77A,7 Morado,N81B,4 Verde con abundantes puntos blancos,146B,6 Rojo,187C,8 Morado,N186A,2 Crema,160D,4 Morado,N92C,0 Ausente,
15061800,1 Verde,144A,7 Morado,90C,1 Verde,144A,2 Amarillo,160A,8 Morado,N79A,2 Crema,155A,4 Morado,N92D,1 Blanco,NN155A
15062360,2 Verde con pocas manchas,144A,7 Morado,92B,1 Verde,146A,2 Amarillo,162B,6 Rojo,176A,2 Crema,155A,4 Morado,N87B,1 Blanco,NN155A
15062361,3 Verde con muchas manchas,144A,7 Morado,N82A,1 Verde,143B,6 Rojo,187B,0 Ausente,,3 Amarillo claro,160C,4 Morado,N92D,0 Ausente,
15061801,2 Verde con pocas manchas,144A,7 Morado,92C,1 Verde,144B,6 Rojo,182B,1 Blanco-crema,160A,2 Crema,155A,3 Rojo,71A,1 Blanco,NN155A
15062371,3 Verde con muchas manchas,144A,7 Morado,N82A,.,.,1 Blanco-crema,161A,8 Morado,183D,2 Crema,155A,4 Morado,83B,1 Blanco,NN155D
15061969,2 Verde con pocas manchas,144A,7 Morado,91B,1 Verde,146A,1 Blanco-crema,162B,5 Rosado,182B,2 Crema,155A,4 Morado,N92D,1 Blanco,NN155A
15061808,2 Verde con pocas manchas,144A,7 Morado,N81C,5 Verde con áreas pigmentadas,144B,2 Amarillo,162C,5 Rosado,182B,2 Crema,157A,3 Rojo,71A,1 Blanco,NN155A
15061811,2 Verde con pocas manchas,144A,7 Morado,N88B,.,.,8 Morado,N77A,2 Amarillo,162C,2 Crema,160D,4 Morado,N92D,1 Blanco,NN155A
15062362,1 Verde,144A,8 Violeta,86B,5 Verde con áreas pigmentadas,144A,2 Amarillo,162A,0 Ausente,,2 Crema,160D,4 Morado,90B,1 Blanco,NN155A
15061813,1 Verde,144A,7 Morado,N82A,.,.,2 Amarillo,160A,5 Rosado,182A,2 Crema,160D,4 Morado,N87C,1 Blanco,NN155A
15061814,4 Pigmentado con abundante verde,N77A,7 Morado,N82A,1 Verde,144A,8 Morado,187B,1 Blanco-crema,160A,2 Crema,155A,4 Morado,N87B,1 Blanco,NN155A
15061815,1 Verde,144A,7 Morado,N88C,1 Verde,144B,8 Morado,183A,1 Blanco-crema,161C,2 Crema,160D,4 Morado,N88B,1 Blanco,NN155D
15062372,3 Verde con muchas manchas,144A,7 Morado,92B,5 Verde con áreas pigmentadas,144A,8 Morado,N77A,2 Amarillo,161A,3 Amarillo claro,160C,4 Morado,N92B,1 Blanco,NN155D
15061826,2 Verde con pocas manchas,144A,7 Morado,N82C,6 Verde con bandas pigmentadas,144A,8 Morado,183B,2 Amarillo,162A,1 Blanco,155C,3 Rojo,71A,1 Blanco,NN155A
15062373,1 Verde,144A,7 Morado,N81B,2 Verde con pocos puntos blancos,144A,6 Rojo,176A,2 Amarillo,161A,2 Crema,160D,3 Rojo,71A,1 Blanco,NN155A
15062031,2 Verde con pocas manchas,144A,7 Morado,N81B,4 Verde con abundantes puntos blancos,144B,6 Rojo,184A,2 Amarillo,162C,2 Crema,160D,3 Rojo,71B,1 Blanco,NN155A
15061893,2 Verde con pocas manchas,144A,7 Morado,N81B,.,.,6 Rojo,184A,2 Amarillo,162B,2 Crema,160C,4 Morado,90D,1 Blanco,NN155A
15061894,2 Verde con pocas manchas,144A,7 Morado,N81C,2 Verde con pocos puntos blancos,144A,6 Rojo,176D,1 Blanco-crema,164C,3 Amarillo claro,160C,3 Rojo,N78B,1 Blanco,NN155D
15061247,3 Verde con muchas manchas,144A,7 Morado,N87B,5 Verde con áreas pigmentadas,146B,8 Morado,183D,1 Blanco-crema,162C,2 Crema,155A,4 Morado,N88B,1 Blanco,NN155D
,,,,,,0,,,,,,,,,,
